nro_carta,f_id,titulo,url,page_num,page_id,archivo_html,archivo_txt
1,5318583_box1_f1,"Letter from Pedro Carrillo de Albornoz y Bravo de Lagunas to Diego José, Fifth Count of Montemar (2/27/1761)",https://montemar.library.illinois.edu/Home/Letter/5318583_box1_f1?f=5318583_box1_f1&pages=12,1,page-1,montemar_transcripciones\html_por_pagina\01_5318583_box1_f1_Letter from Pedro Carrillo de Albornoz y Bravo de Lagunas to Diego Jos_page_001.html,montemar_transcripciones\txt_por_pagina\01_5318583_box1_f1_Letter from Pedro Carrillo de Albornoz y Bravo de Lagunas to Diego Jos_page_001.txt
1,5318583_box1_f1,"Letter from Pedro Carrillo de Albornoz y Bravo de Lagunas to Diego José, Fifth Count of Montemar (2/27/1761)",https://montemar.library.illinois.edu/Home/Letter/5318583_box1_f1?f=5318583_box1_f1&pages=12,2,page-2,montemar_transcripciones\html_por_pagina\01_5318583_box1_f1_Letter from Pedro Carrillo de Albornoz y Bravo de Lagunas to Diego Jos_page_002.html,montemar_transcripciones\txt_por_pagina\01_5318583_box1_f1_Letter from Pedro Carrillo de Albornoz y Bravo de Lagunas to Diego Jos_page_002.txt
1,5318583_box1_f1,"Letter from Pedro Carrillo de Albornoz y Bravo de Lagunas to Diego José, Fifth Count of Montemar (2/27/1761)",https://montemar.library.illinois.edu/Home/Letter/5318583_box1_f1?f=5318583_box1_f1&pages=12,3,page-3,montemar_transcripciones\html_por_pagina\01_5318583_box1_f1_Letter from Pedro Carrillo de Albornoz y Bravo de Lagunas to Diego Jos_page_003.html,montemar_transcripciones\txt_por_pagina\01_5318583_box1_f1_Letter from Pedro Carrillo de Albornoz y Bravo de Lagunas to Diego Jos_page_003.txt
1,5318583_box1_f1,"Letter from Pedro Carrillo de Albornoz y Bravo de Lagunas to Diego José, Fifth Count of Montemar (2/27/1761)",https://montemar.library.illinois.edu/Home/Letter/5318583_box1_f1?f=5318583_box1_f1&pages=12,4,page-4,montemar_transcripciones\html_por_pagina\01_5318583_box1_f1_Letter from Pedro Carrillo de Albornoz y Bravo de Lagunas to Diego Jos_page_004.html,montemar_transcripciones\txt_por_pagina\01_5318583_box1_f1_Letter from Pedro Carrillo de Albornoz y Bravo de Lagunas to Diego Jos_page_004.txt
1,5318583_box1_f1,"Letter from Pedro Carrillo de Albornoz y Bravo de Lagunas to Diego José, Fifth Count of Montemar (2/27/1761)",https://montemar.library.illinois.edu/Home/Letter/5318583_box1_f1?f=5318583_box1_f1&pages=12,5,page-5,montemar_transcripciones\html_por_pagina\01_5318583_box1_f1_Letter from Pedro Carrillo de Albornoz y Bravo de Lagunas to Diego Jos_page_005.html,montemar_transcripciones\txt_por_pagina\01_5318583_box1_f1_Letter from Pedro Carrillo de Albornoz y Bravo de Lagunas to Diego Jos_page_005.txt
1,5318583_box1_f1,"Letter from Pedro Carrillo de Albornoz y Bravo de Lagunas to Diego José, Fifth Count of Montemar (2/27/1761)",https://montemar.library.illinois.edu/Home/Letter/5318583_box1_f1?f=5318583_box1_f1&pages=12,6,page-6,montemar_transcripciones\html_por_pagina\01_5318583_box1_f1_Letter from Pedro Carrillo de Albornoz y Bravo de Lagunas to Diego Jos_page_006.html,montemar_transcripciones\txt_por_pagina\01_5318583_box1_f1_Letter from Pedro Carrillo de Albornoz y Bravo de Lagunas to Diego Jos_page_006.txt
1,5318583_box1_f1,"Letter from Pedro Carrillo de Albornoz y Bravo de Lagunas to Diego José, Fifth Count of Montemar (2/27/1761)",https://montemar.library.illinois.edu/Home/Letter/5318583_box1_f1?f=5318583_box1_f1&pages=12,7,page-7,montemar_transcripciones\html_por_pagina\01_5318583_box1_f1_Letter from Pedro Carrillo de Albornoz y Bravo de Lagunas to Diego Jos_page_007.html,montemar_transcripciones\txt_por_pagina\01_5318583_box1_f1_Letter from Pedro Carrillo de Albornoz y Bravo de Lagunas to Diego Jos_page_007.txt
1,5318583_box1_f1,"Letter from Pedro Carrillo de Albornoz y Bravo de Lagunas to Diego José, Fifth Count of Montemar (2/27/1761)",https://montemar.library.illinois.edu/Home/Letter/5318583_box1_f1?f=5318583_box1_f1&pages=12,8,page-8,montemar_transcripciones\html_por_pagina\01_5318583_box1_f1_Letter from Pedro Carrillo de Albornoz y Bravo de Lagunas to Diego Jos_page_008.html,montemar_transcripciones\txt_por_pagina\01_5318583_box1_f1_Letter from Pedro Carrillo de Albornoz y Bravo de Lagunas to Diego Jos_page_008.txt
1,5318583_box1_f1,"Letter from Pedro Carrillo de Albornoz y Bravo de Lagunas to Diego José, Fifth Count of Montemar (2/27/1761)",https://montemar.library.illinois.edu/Home/Letter/5318583_box1_f1?f=5318583_box1_f1&pages=12,9,page-9,montemar_transcripciones\html_por_pagina\01_5318583_box1_f1_Letter from Pedro Carrillo de Albornoz y Bravo de Lagunas to Diego Jos_page_009.html,montemar_transcripciones\txt_por_pagina\01_5318583_box1_f1_Letter from Pedro Carrillo de Albornoz y Bravo de Lagunas to Diego Jos_page_009.txt
1,5318583_box1_f1,"Letter from Pedro Carrillo de Albornoz y Bravo de Lagunas to Diego José, Fifth Count of Montemar (2/27/1761)",https://montemar.library.illinois.edu/Home/Letter/5318583_box1_f1?f=5318583_box1_f1&pages=12,10,page-10,montemar_transcripciones\html_por_pagina\01_5318583_box1_f1_Letter from Pedro Carrillo de Albornoz y Bravo de Lagunas to Diego Jos_page_010.html,montemar_transcripciones\txt_por_pagina\01_5318583_box1_f1_Letter from Pedro Carrillo de Albornoz y Bravo de Lagunas to Diego Jos_page_010.txt
1,5318583_box1_f1,"Letter from Pedro Carrillo de Albornoz y Bravo de Lagunas to Diego José, Fifth Count of Montemar (2/27/1761)",https://montemar.library.illinois.edu/Home/Letter/5318583_box1_f1?f=5318583_box1_f1&pages=12,11,page-11,montemar_transcripciones\html_por_pagina\01_5318583_box1_f1_Letter from Pedro Carrillo de Albornoz y Bravo de Lagunas to Diego Jos_page_011.html,montemar_transcripciones\txt_por_pagina\01_5318583_box1_f1_Letter from Pedro Carrillo de Albornoz y Bravo de Lagunas to Diego Jos_page_011.txt
1,5318583_box1_f1,"Letter from Pedro Carrillo de Albornoz y Bravo de Lagunas to Diego José, Fifth Count of Montemar (2/27/1761)",https://montemar.library.illinois.edu/Home/Letter/5318583_box1_f1?f=5318583_box1_f1&pages=12,12,page-12,montemar_transcripciones\html_por_pagina\01_5318583_box1_f1_Letter from Pedro Carrillo de Albornoz y Bravo de Lagunas to Diego Jos_page_012.html,montemar_transcripciones\txt_por_pagina\01_5318583_box1_f1_Letter from Pedro Carrillo de Albornoz y Bravo de Lagunas to Diego Jos_page_012.txt
2,5318583_box1_f2,"Letter from Pedro Carrillo de Albornoz y Bravo de Lagunas to Diego José, Fifth Count of Montemar (4/1/1761)",https://montemar.library.illinois.edu/Home/Letter/5318583_box1_f2?f=5318583_box1_f2&pages=4,1,page-1,montemar_transcripciones\html_por_pagina\02_5318583_box1_f2_Letter from Pedro Carrillo de Albornoz y Bravo de Lagunas to Diego Jos_page_001.html,montemar_transcripciones\txt_por_pagina\02_5318583_box1_f2_Letter from Pedro Carrillo de Albornoz y Bravo de Lagunas to Diego Jos_page_001.txt
2,5318583_box1_f2,"Letter from Pedro Carrillo de Albornoz y Bravo de Lagunas to Diego José, Fifth Count of Montemar (4/1/1761)",https://montemar.library.illinois.edu/Home/Letter/5318583_box1_f2?f=5318583_box1_f2&pages=4,2,page-2,montemar_transcripciones\html_por_pagina\02_5318583_box1_f2_Letter from Pedro Carrillo de Albornoz y Bravo de Lagunas to Diego Jos_page_002.html,montemar_transcripciones\txt_por_pagina\02_5318583_box1_f2_Letter from Pedro Carrillo de Albornoz y Bravo de Lagunas to Diego Jos_page_002.txt
2,5318583_box1_f2,"Letter from Pedro Carrillo de Albornoz y Bravo de Lagunas to Diego José, Fifth Count of Montemar (4/1/1761)",https://montemar.library.illinois.edu/Home/Letter/5318583_box1_f2?f=5318583_box1_f2&pages=4,3,page-3,montemar_transcripciones\html_por_pagina\02_5318583_box1_f2_Letter from Pedro Carrillo de Albornoz y Bravo de Lagunas to Diego Jos_page_003.html,montemar_transcripciones\txt_por_pagina\02_5318583_box1_f2_Letter from Pedro Carrillo de Albornoz y Bravo de Lagunas to Diego Jos_page_003.txt
2,5318583_box1_f2,"Letter from Pedro Carrillo de Albornoz y Bravo de Lagunas to Diego José, Fifth Count of Montemar (4/1/1761)",https://montemar.library.illinois.edu/Home/Letter/5318583_box1_f2?f=5318583_box1_f2&pages=4,4,page-4,montemar_transcripciones\html_por_pagina\02_5318583_box1_f2_Letter from Pedro Carrillo de Albornoz y Bravo de Lagunas to Diego Jos_page_004.html,montemar_transcripciones\txt_por_pagina\02_5318583_box1_f2_Letter from Pedro Carrillo de Albornoz y Bravo de Lagunas to Diego Jos_page_004.txt
3,5318583_box1_f3,"Letter from Pedro Carrillo de Albornoz y Bravo de Lagunas to Diego José, Fifth Count of Montemar (8/27/1761)",https://montemar.library.illinois.edu/Home/Letter/5318583_box1_f3?f=5318583_box1_f3&pages=8,1,page-1,montemar_transcripciones\html_por_pagina\03_5318583_box1_f3_Letter from Pedro Carrillo de Albornoz y Bravo de Lagunas to Diego Jos_page_001.html,montemar_transcripciones\txt_por_pagina\03_5318583_box1_f3_Letter from Pedro Carrillo de Albornoz y Bravo de Lagunas to Diego Jos_page_001.txt
3,5318583_box1_f3,"Letter from Pedro Carrillo de Albornoz y Bravo de Lagunas to Diego José, Fifth Count of Montemar (8/27/1761)",https://montemar.library.illinois.edu/Home/Letter/5318583_box1_f3?f=5318583_box1_f3&pages=8,2,page-2,montemar_transcripciones\html_por_pagina\03_5318583_box1_f3_Letter from Pedro Carrillo de Albornoz y Bravo de Lagunas to Diego Jos_page_002.html,montemar_transcripciones\txt_por_pagina\03_5318583_box1_f3_Letter from Pedro Carrillo de Albornoz y Bravo de Lagunas to Diego Jos_page_002.txt
3,5318583_box1_f3,"Letter from Pedro Carrillo de Albornoz y Bravo de Lagunas to Diego José, Fifth Count of Montemar (8/27/1761)",https://montemar.library.illinois.edu/Home/Letter/5318583_box1_f3?f=5318583_box1_f3&pages=8,3,page-3,montemar_transcripciones\html_por_pagina\03_5318583_box1_f3_Letter from Pedro Carrillo de Albornoz y Bravo de Lagunas to Diego Jos_page_003.html,montemar_transcripciones\txt_por_pagina\03_5318583_box1_f3_Letter from Pedro Carrillo de Albornoz y Bravo de Lagunas to Diego Jos_page_003.txt
3,5318583_box1_f3,"Letter from Pedro Carrillo de Albornoz y Bravo de Lagunas to Diego José, Fifth Count of Montemar (8/27/1761)",https://montemar.library.illinois.edu/Home/Letter/5318583_box1_f3?f=5318583_box1_f3&pages=8,4,page-4,montemar_transcripciones\html_por_pagina\03_5318583_box1_f3_Letter from Pedro Carrillo de Albornoz y Bravo de Lagunas to Diego Jos_page_004.html,montemar_transcripciones\txt_por_pagina\03_5318583_box1_f3_Letter from Pedro Carrillo de Albornoz y Bravo de Lagunas to Diego Jos_page_004.txt
3,5318583_box1_f3,"Letter from Pedro Carrillo de Albornoz y Bravo de Lagunas to Diego José, Fifth Count of Montemar (8/27/1761)",https://montemar.library.illinois.edu/Home/Letter/5318583_box1_f3?f=5318583_box1_f3&pages=8,5,page-5,montemar_transcripciones\html_por_pagina\03_5318583_box1_f3_Letter from Pedro Carrillo de Albornoz y Bravo de Lagunas to Diego Jos_page_005.html,montemar_transcripciones\txt_por_pagina\03_5318583_box1_f3_Letter from Pedro Carrillo de Albornoz y Bravo de Lagunas to Diego Jos_page_005.txt
3,5318583_box1_f3,"Letter from Pedro Carrillo de Albornoz y Bravo de Lagunas to Diego José, Fifth Count of Montemar (8/27/1761)",https://montemar.library.illinois.edu/Home/Letter/5318583_box1_f3?f=5318583_box1_f3&pages=8,6,page-6,montemar_transcripciones\html_por_pagina\03_5318583_box1_f3_Letter from Pedro Carrillo de Albornoz y Bravo de Lagunas to Diego Jos_page_006.html,montemar_transcripciones\txt_por_pagina\03_5318583_box1_f3_Letter from Pedro Carrillo de Albornoz y Bravo de Lagunas to Diego Jos_page_006.txt
3,5318583_box1_f3,"Letter from Pedro Carrillo de Albornoz y Bravo de Lagunas to Diego José, Fifth Count of Montemar (8/27/1761)",https://montemar.library.illinois.edu/Home/Letter/5318583_box1_f3?f=5318583_box1_f3&pages=8,7,page-7,montemar_transcripciones\html_por_pagina\03_5318583_box1_f3_Letter from Pedro Carrillo de Albornoz y Bravo de Lagunas to Diego Jos_page_007.html,montemar_transcripciones\txt_por_pagina\03_5318583_box1_f3_Letter from Pedro Carrillo de Albornoz y Bravo de Lagunas to Diego Jos_page_007.txt
3,5318583_box1_f3,"Letter from Pedro Carrillo de Albornoz y Bravo de Lagunas to Diego José, Fifth Count of Montemar (8/27/1761)",https://montemar.library.illinois.edu/Home/Letter/5318583_box1_f3?f=5318583_box1_f3&pages=8,8,page-8,montemar_transcripciones\html_por_pagina\03_5318583_box1_f3_Letter from Pedro Carrillo de Albornoz y Bravo de Lagunas to Diego Jos_page_008.html,montemar_transcripciones\txt_por_pagina\03_5318583_box1_f3_Letter from Pedro Carrillo de Albornoz y Bravo de Lagunas to Diego Jos_page_008.txt
4,5318583_box1_f4,"Letter from Pedro Carrillo de Albornoz y Bravo de Lagunas to Diego José, Fifth Count of Montemar (10/26/1761)",https://montemar.library.illinois.edu/Home/Letter/5318583_box1_f4?f=5318583_box1_f4&pages=12,1,page-1,montemar_transcripciones\html_por_pagina\04_5318583_box1_f4_Letter from Pedro Carrillo de Albornoz y Bravo de Lagunas to Diego Jos_page_001.html,montemar_transcripciones\txt_por_pagina\04_5318583_box1_f4_Letter from Pedro Carrillo de Albornoz y Bravo de Lagunas to Diego Jos_page_001.txt
4,5318583_box1_f4,"Letter from Pedro Carrillo de Albornoz y Bravo de Lagunas to Diego José, Fifth Count of Montemar (10/26/1761)",https://montemar.library.illinois.edu/Home/Letter/5318583_box1_f4?f=5318583_box1_f4&pages=12,2,page-2,montemar_transcripciones\html_por_pagina\04_5318583_box1_f4_Letter from Pedro Carrillo de Albornoz y Bravo de Lagunas to Diego Jos_page_002.html,montemar_transcripciones\txt_por_pagina\04_5318583_box1_f4_Letter from Pedro Carrillo de Albornoz y Bravo de Lagunas to Diego Jos_page_002.txt
4,5318583_box1_f4,"Letter from Pedro Carrillo de Albornoz y Bravo de Lagunas to Diego José, Fifth Count of Montemar (10/26/1761)",https://montemar.library.illinois.edu/Home/Letter/5318583_box1_f4?f=5318583_box1_f4&pages=12,3,page-3,montemar_transcripciones\html_por_pagina\04_5318583_box1_f4_Letter from Pedro Carrillo de Albornoz y Bravo de Lagunas to Diego Jos_page_003.html,montemar_transcripciones\txt_por_pagina\04_5318583_box1_f4_Letter from Pedro Carrillo de Albornoz y Bravo de Lagunas to Diego Jos_page_003.txt
4,5318583_box1_f4,"Letter from Pedro Carrillo de Albornoz y Bravo de Lagunas to Diego José, Fifth Count of Montemar (10/26/1761)",https://montemar.library.illinois.edu/Home/Letter/5318583_box1_f4?f=5318583_box1_f4&pages=12,4,page-4,montemar_transcripciones\html_por_pagina\04_5318583_box1_f4_Letter from Pedro Carrillo de Albornoz y Bravo de Lagunas to Diego Jos_page_004.html,montemar_transcripciones\txt_por_pagina\04_5318583_box1_f4_Letter from Pedro Carrillo de Albornoz y Bravo de Lagunas to Diego Jos_page_004.txt
4,5318583_box1_f4,"Letter from Pedro Carrillo de Albornoz y Bravo de Lagunas to Diego José, Fifth Count of Montemar (10/26/1761)",https://montemar.library.illinois.edu/Home/Letter/5318583_box1_f4?f=5318583_box1_f4&pages=12,5,page-5,montemar_transcripciones\html_por_pagina\04_5318583_box1_f4_Letter from Pedro Carrillo de Albornoz y Bravo de Lagunas to Diego Jos_page_005.html,montemar_transcripciones\txt_por_pagina\04_5318583_box1_f4_Letter from Pedro Carrillo de Albornoz y Bravo de Lagunas to Diego Jos_page_005.txt
4,5318583_box1_f4,"Letter from Pedro Carrillo de Albornoz y Bravo de Lagunas to Diego José, Fifth Count of Montemar (10/26/1761)",https://montemar.library.illinois.edu/Home/Letter/5318583_box1_f4?f=5318583_box1_f4&pages=12,6,page-6,montemar_transcripciones\html_por_pagina\04_5318583_box1_f4_Letter from Pedro Carrillo de Albornoz y Bravo de Lagunas to Diego Jos_page_006.html,montemar_transcripciones\txt_por_pagina\04_5318583_box1_f4_Letter from Pedro Carrillo de Albornoz y Bravo de Lagunas to Diego Jos_page_006.txt
4,5318583_box1_f4,"Letter from Pedro Carrillo de Albornoz y Bravo de Lagunas to Diego José, Fifth Count of Montemar (10/26/1761)",https://montemar.library.illinois.edu/Home/Letter/5318583_box1_f4?f=5318583_box1_f4&pages=12,7,page-7,montemar_transcripciones\html_por_pagina\04_5318583_box1_f4_Letter from Pedro Carrillo de Albornoz y Bravo de Lagunas to Diego Jos_page_007.html,montemar_transcripciones\txt_por_pagina\04_5318583_box1_f4_Letter from Pedro Carrillo de Albornoz y Bravo de Lagunas to Diego Jos_page_007.txt
4,5318583_box1_f4,"Letter from Pedro Carrillo de Albornoz y Bravo de Lagunas to Diego José, Fifth Count of Montemar (10/26/1761)",https://montemar.library.illinois.edu/Home/Letter/5318583_box1_f4?f=5318583_box1_f4&pages=12,8,page-8,montemar_transcripciones\html_por_pagina\04_5318583_box1_f4_Letter from Pedro Carrillo de Albornoz y Bravo de Lagunas to Diego Jos_page_008.html,montemar_transcripciones\txt_por_pagina\04_5318583_box1_f4_Letter from Pedro Carrillo de Albornoz y Bravo de Lagunas to Diego Jos_page_008.txt
4,5318583_box1_f4,"Letter from Pedro Carrillo de Albornoz y Bravo de Lagunas to Diego José, Fifth Count of Montemar (10/26/1761)",https://montemar.library.illinois.edu/Home/Letter/5318583_box1_f4?f=5318583_box1_f4&pages=12,9,page-9,montemar_transcripciones\html_por_pagina\04_5318583_box1_f4_Letter from Pedro Carrillo de Albornoz y Bravo de Lagunas to Diego Jos_page_009.html,montemar_transcripciones\txt_por_pagina\04_5318583_box1_f4_Letter from Pedro Carrillo de Albornoz y Bravo de Lagunas to Diego Jos_page_009.txt
4,5318583_box1_f4,"Letter from Pedro Carrillo de Albornoz y Bravo de Lagunas to Diego José, Fifth Count of Montemar (10/26/1761)",https://montemar.library.illinois.edu/Home/Letter/5318583_box1_f4?f=5318583_box1_f4&pages=12,10,page-10,montemar_transcripciones\html_por_pagina\04_5318583_box1_f4_Letter from Pedro Carrillo de Albornoz y Bravo de Lagunas to Diego Jos_page_010.html,montemar_transcripciones\txt_por_pagina\04_5318583_box1_f4_Letter from Pedro Carrillo de Albornoz y Bravo de Lagunas to Diego Jos_page_010.txt
4,5318583_box1_f4,"Letter from Pedro Carrillo de Albornoz y Bravo de Lagunas to Diego José, Fifth Count of Montemar (10/26/1761)",https://montemar.library.illinois.edu/Home/Letter/5318583_box1_f4?f=5318583_box1_f4&pages=12,11,page-11,montemar_transcripciones\html_por_pagina\04_5318583_box1_f4_Letter from Pedro Carrillo de Albornoz y Bravo de Lagunas to Diego Jos_page_011.html,montemar_transcripciones\txt_por_pagina\04_5318583_box1_f4_Letter from Pedro Carrillo de Albornoz y Bravo de Lagunas to Diego Jos_page_011.txt
4,5318583_box1_f4,"Letter from Pedro Carrillo de Albornoz y Bravo de Lagunas to Diego José, Fifth Count of Montemar (10/26/1761)",https://montemar.library.illinois.edu/Home/Letter/5318583_box1_f4?f=5318583_box1_f4&pages=12,12,page-12,montemar_transcripciones\html_por_pagina\04_5318583_box1_f4_Letter from Pedro Carrillo de Albornoz y Bravo de Lagunas to Diego Jos_page_012.html,montemar_transcripciones\txt_por_pagina\04_5318583_box1_f4_Letter from Pedro Carrillo de Albornoz y Bravo de Lagunas to Diego Jos_page_012.txt
5,5318583_box1_f5,"Letter from Pedro Carrillo de Albornoz y Bravo de Lagunas to Diego José, Fifth Count of Montemar (6/24/1762)",https://montemar.library.illinois.edu/Home/Letter/5318583_box1_f5?f=5318583_box1_f5&pages=12,1,page-1,montemar_transcripciones\html_por_pagina\05_5318583_box1_f5_Letter from Pedro Carrillo de Albornoz y Bravo de Lagunas to Diego Jos_page_001.html,montemar_transcripciones\txt_por_pagina\05_5318583_box1_f5_Letter from Pedro Carrillo de Albornoz y Bravo de Lagunas to Diego Jos_page_001.txt
5,5318583_box1_f5,"Letter from Pedro Carrillo de Albornoz y Bravo de Lagunas to Diego José, Fifth Count of Montemar (6/24/1762)",https://montemar.library.illinois.edu/Home/Letter/5318583_box1_f5?f=5318583_box1_f5&pages=12,2,page-2,montemar_transcripciones\html_por_pagina\05_5318583_box1_f5_Letter from Pedro Carrillo de Albornoz y Bravo de Lagunas to Diego Jos_page_002.html,montemar_transcripciones\txt_por_pagina\05_5318583_box1_f5_Letter from Pedro Carrillo de Albornoz y Bravo de Lagunas to Diego Jos_page_002.txt
5,5318583_box1_f5,"Letter from Pedro Carrillo de Albornoz y Bravo de Lagunas to Diego José, Fifth Count of Montemar (6/24/1762)",https://montemar.library.illinois.edu/Home/Letter/5318583_box1_f5?f=5318583_box1_f5&pages=12,3,page-3,montemar_transcripciones\html_por_pagina\05_5318583_box1_f5_Letter from Pedro Carrillo de Albornoz y Bravo de Lagunas to Diego Jos_page_003.html,montemar_transcripciones\txt_por_pagina\05_5318583_box1_f5_Letter from Pedro Carrillo de Albornoz y Bravo de Lagunas to Diego Jos_page_003.txt
5,5318583_box1_f5,"Letter from Pedro Carrillo de Albornoz y Bravo de Lagunas to Diego José, Fifth Count of Montemar (6/24/1762)",https://montemar.library.illinois.edu/Home/Letter/5318583_box1_f5?f=5318583_box1_f5&pages=12,4,page-4,montemar_transcripciones\html_por_pagina\05_5318583_box1_f5_Letter from Pedro Carrillo de Albornoz y Bravo de Lagunas to Diego Jos_page_004.html,montemar_transcripciones\txt_por_pagina\05_5318583_box1_f5_Letter from Pedro Carrillo de Albornoz y Bravo de Lagunas to Diego Jos_page_004.txt
5,5318583_box1_f5,"Letter from Pedro Carrillo de Albornoz y Bravo de Lagunas to Diego José, Fifth Count of Montemar (6/24/1762)",https://montemar.library.illinois.edu/Home/Letter/5318583_box1_f5?f=5318583_box1_f5&pages=12,5,page-5,montemar_transcripciones\html_por_pagina\05_5318583_box1_f5_Letter from Pedro Carrillo de Albornoz y Bravo de Lagunas to Diego Jos_page_005.html,montemar_transcripciones\txt_por_pagina\05_5318583_box1_f5_Letter from Pedro Carrillo de Albornoz y Bravo de Lagunas to Diego Jos_page_005.txt
5,5318583_box1_f5,"Letter from Pedro Carrillo de Albornoz y Bravo de Lagunas to Diego José, Fifth Count of Montemar (6/24/1762)",https://montemar.library.illinois.edu/Home/Letter/5318583_box1_f5?f=5318583_box1_f5&pages=12,6,page-6,montemar_transcripciones\html_por_pagina\05_5318583_box1_f5_Letter from Pedro Carrillo de Albornoz y Bravo de Lagunas to Diego Jos_page_006.html,montemar_transcripciones\txt_por_pagina\05_5318583_box1_f5_Letter from Pedro Carrillo de Albornoz y Bravo de Lagunas to Diego Jos_page_006.txt
5,5318583_box1_f5,"Letter from Pedro Carrillo de Albornoz y Bravo de Lagunas to Diego José, Fifth Count of Montemar (6/24/1762)",https://montemar.library.illinois.edu/Home/Letter/5318583_box1_f5?f=5318583_box1_f5&pages=12,7,page-7,montemar_transcripciones\html_por_pagina\05_5318583_box1_f5_Letter from Pedro Carrillo de Albornoz y Bravo de Lagunas to Diego Jos_page_007.html,montemar_transcripciones\txt_por_pagina\05_5318583_box1_f5_Letter from Pedro Carrillo de Albornoz y Bravo de Lagunas to Diego Jos_page_007.txt
5,5318583_box1_f5,"Letter from Pedro Carrillo de Albornoz y Bravo de Lagunas to Diego José, Fifth Count of Montemar (6/24/1762)",https://montemar.library.illinois.edu/Home/Letter/5318583_box1_f5?f=5318583_box1_f5&pages=12,8,page-8,montemar_transcripciones\html_por_pagina\05_5318583_box1_f5_Letter from Pedro Carrillo de Albornoz y Bravo de Lagunas to Diego Jos_page_008.html,montemar_transcripciones\txt_por_pagina\05_5318583_box1_f5_Letter from Pedro Carrillo de Albornoz y Bravo de Lagunas to Diego Jos_page_008.txt
5,5318583_box1_f5,"Letter from Pedro Carrillo de Albornoz y Bravo de Lagunas to Diego José, Fifth Count of Montemar (6/24/1762)",https://montemar.library.illinois.edu/Home/Letter/5318583_box1_f5?f=5318583_box1_f5&pages=12,9,page-9,montemar_transcripciones\html_por_pagina\05_5318583_box1_f5_Letter from Pedro Carrillo de Albornoz y Bravo de Lagunas to Diego Jos_page_009.html,montemar_transcripciones\txt_por_pagina\05_5318583_box1_f5_Letter from Pedro Carrillo de Albornoz y Bravo de Lagunas to Diego Jos_page_009.txt
5,5318583_box1_f5,"Letter from Pedro Carrillo de Albornoz y Bravo de Lagunas to Diego José, Fifth Count of Montemar (6/24/1762)",https://montemar.library.illinois.edu/Home/Letter/5318583_box1_f5?f=5318583_box1_f5&pages=12,10,page-10,montemar_transcripciones\html_por_pagina\05_5318583_box1_f5_Letter from Pedro Carrillo de Albornoz y Bravo de Lagunas to Diego Jos_page_010.html,montemar_transcripciones\txt_por_pagina\05_5318583_box1_f5_Letter from Pedro Carrillo de Albornoz y Bravo de Lagunas to Diego Jos_page_010.txt
5,5318583_box1_f5,"Letter from Pedro Carrillo de Albornoz y Bravo de Lagunas to Diego José, Fifth Count of Montemar (6/24/1762)",https://montemar.library.illinois.edu/Home/Letter/5318583_box1_f5?f=5318583_box1_f5&pages=12,11,page-11,montemar_transcripciones\html_por_pagina\05_5318583_box1_f5_Letter from Pedro Carrillo de Albornoz y Bravo de Lagunas to Diego Jos_page_011.html,montemar_transcripciones\txt_por_pagina\05_5318583_box1_f5_Letter from Pedro Carrillo de Albornoz y Bravo de Lagunas to Diego Jos_page_011.txt
5,5318583_box1_f5,"Letter from Pedro Carrillo de Albornoz y Bravo de Lagunas to Diego José, Fifth Count of Montemar (6/24/1762)",https://montemar.library.illinois.edu/Home/Letter/5318583_box1_f5?f=5318583_box1_f5&pages=12,12,page-12,montemar_transcripciones\html_por_pagina\05_5318583_box1_f5_Letter from Pedro Carrillo de Albornoz y Bravo de Lagunas to Diego Jos_page_012.html,montemar_transcripciones\txt_por_pagina\05_5318583_box1_f5_Letter from Pedro Carrillo de Albornoz y Bravo de Lagunas to Diego Jos_page_012.txt
6,5318583_box1_f6,"Letter from Diego José, Fifth Count of Montemar to Marquis of Lara (8/10/1762)",https://montemar.library.illinois.edu/Home/Letter/5318583_box1_f6?f=5318583_box1_f6&pages=20,1,page-1,"montemar_transcripciones\html_por_pagina\06_5318583_box1_f6_Letter from Diego José, Fifth Count of Montemar to Marquis of Lara (8_page_001.html","montemar_transcripciones\txt_por_pagina\06_5318583_box1_f6_Letter from Diego José, Fifth Count of Montemar to Marquis of Lara (8_page_001.txt"
6,5318583_box1_f6,"Letter from Diego José, Fifth Count of Montemar to Marquis of Lara (8/10/1762)",https://montemar.library.illinois.edu/Home/Letter/5318583_box1_f6?f=5318583_box1_f6&pages=20,2,page-2,"montemar_transcripciones\html_por_pagina\06_5318583_box1_f6_Letter from Diego José, Fifth Count of Montemar to Marquis of Lara (8_page_002.html","montemar_transcripciones\txt_por_pagina\06_5318583_box1_f6_Letter from Diego José, Fifth Count of Montemar to Marquis of Lara (8_page_002.txt"
6,5318583_box1_f6,"Letter from Diego José, Fifth Count of Montemar to Marquis of Lara (8/10/1762)",https://montemar.library.illinois.edu/Home/Letter/5318583_box1_f6?f=5318583_box1_f6&pages=20,3,page-3,"montemar_transcripciones\html_por_pagina\06_5318583_box1_f6_Letter from Diego José, Fifth Count of Montemar to Marquis of Lara (8_page_003.html","montemar_transcripciones\txt_por_pagina\06_5318583_box1_f6_Letter from Diego José, Fifth Count of Montemar to Marquis of Lara (8_page_003.txt"
6,5318583_box1_f6,"Letter from Diego José, Fifth Count of Montemar to Marquis of Lara (8/10/1762)",https://montemar.library.illinois.edu/Home/Letter/5318583_box1_f6?f=5318583_box1_f6&pages=20,4,page-4,"montemar_transcripciones\html_por_pagina\06_5318583_box1_f6_Letter from Diego José, Fifth Count of Montemar to Marquis of Lara (8_page_004.html","montemar_transcripciones\txt_por_pagina\06_5318583_box1_f6_Letter from Diego José, Fifth Count of Montemar to Marquis of Lara (8_page_004.txt"
6,5318583_box1_f6,"Letter from Diego José, Fifth Count of Montemar to Marquis of Lara (8/10/1762)",https://montemar.library.illinois.edu/Home/Letter/5318583_box1_f6?f=5318583_box1_f6&pages=20,5,page-5,"montemar_transcripciones\html_por_pagina\06_5318583_box1_f6_Letter from Diego José, Fifth Count of Montemar to Marquis of Lara (8_page_005.html","montemar_transcripciones\txt_por_pagina\06_5318583_box1_f6_Letter from Diego José, Fifth Count of Montemar to Marquis of Lara (8_page_005.txt"
6,5318583_box1_f6,"Letter from Diego José, Fifth Count of Montemar to Marquis of Lara (8/10/1762)",https://montemar.library.illinois.edu/Home/Letter/5318583_box1_f6?f=5318583_box1_f6&pages=20,6,page-6,"montemar_transcripciones\html_por_pagina\06_5318583_box1_f6_Letter from Diego José, Fifth Count of Montemar to Marquis of Lara (8_page_006.html","montemar_transcripciones\txt_por_pagina\06_5318583_box1_f6_Letter from Diego José, Fifth Count of Montemar to Marquis of Lara (8_page_006.txt"
6,5318583_box1_f6,"Letter from Diego José, Fifth Count of Montemar to Marquis of Lara (8/10/1762)",https://montemar.library.illinois.edu/Home/Letter/5318583_box1_f6?f=5318583_box1_f6&pages=20,7,page-7,"montemar_transcripciones\html_por_pagina\06_5318583_box1_f6_Letter from Diego José, Fifth Count of Montemar to Marquis of Lara (8_page_007.html","montemar_transcripciones\txt_por_pagina\06_5318583_box1_f6_Letter from Diego José, Fifth Count of Montemar to Marquis of Lara (8_page_007.txt"
6,5318583_box1_f6,"Letter from Diego José, Fifth Count of Montemar to Marquis of Lara (8/10/1762)",https://montemar.library.illinois.edu/Home/Letter/5318583_box1_f6?f=5318583_box1_f6&pages=20,8,page-8,"montemar_transcripciones\html_por_pagina\06_5318583_box1_f6_Letter from Diego José, Fifth Count of Montemar to Marquis of Lara (8_page_008.html","montemar_transcripciones\txt_por_pagina\06_5318583_box1_f6_Letter from Diego José, Fifth Count of Montemar to Marquis of Lara (8_page_008.txt"
6,5318583_box1_f6,"Letter from Diego José, Fifth Count of Montemar to Marquis of Lara (8/10/1762)",https://montemar.library.illinois.edu/Home/Letter/5318583_box1_f6?f=5318583_box1_f6&pages=20,9,page-9,"montemar_transcripciones\html_por_pagina\06_5318583_box1_f6_Letter from Diego José, Fifth Count of Montemar to Marquis of Lara (8_page_009.html","montemar_transcripciones\txt_por_pagina\06_5318583_box1_f6_Letter from Diego José, Fifth Count of Montemar to Marquis of Lara (8_page_009.txt"
6,5318583_box1_f6,"Letter from Diego José, Fifth Count of Montemar to Marquis of Lara (8/10/1762)",https://montemar.library.illinois.edu/Home/Letter/5318583_box1_f6?f=5318583_box1_f6&pages=20,10,page-10,"montemar_transcripciones\html_por_pagina\06_5318583_box1_f6_Letter from Diego José, Fifth Count of Montemar to Marquis of Lara (8_page_010.html","montemar_transcripciones\txt_por_pagina\06_5318583_box1_f6_Letter from Diego José, Fifth Count of Montemar to Marquis of Lara (8_page_010.txt"
6,5318583_box1_f6,"Letter from Diego José, Fifth Count of Montemar to Marquis of Lara (8/10/1762)",https://montemar.library.illinois.edu/Home/Letter/5318583_box1_f6?f=5318583_box1_f6&pages=20,11,page-11,"montemar_transcripciones\html_por_pagina\06_5318583_box1_f6_Letter from Diego José, Fifth Count of Montemar to Marquis of Lara (8_page_011.html","montemar_transcripciones\txt_por_pagina\06_5318583_box1_f6_Letter from Diego José, Fifth Count of Montemar to Marquis of Lara (8_page_011.txt"
6,5318583_box1_f6,"Letter from Diego José, Fifth Count of Montemar to Marquis of Lara (8/10/1762)",https://montemar.library.illinois.edu/Home/Letter/5318583_box1_f6?f=5318583_box1_f6&pages=20,12,page-12,"montemar_transcripciones\html_por_pagina\06_5318583_box1_f6_Letter from Diego José, Fifth Count of Montemar to Marquis of Lara (8_page_012.html","montemar_transcripciones\txt_por_pagina\06_5318583_box1_f6_Letter from Diego José, Fifth Count of Montemar to Marquis of Lara (8_page_012.txt"
6,5318583_box1_f6,"Letter from Diego José, Fifth Count of Montemar to Marquis of Lara (8/10/1762)",https://montemar.library.illinois.edu/Home/Letter/5318583_box1_f6?f=5318583_box1_f6&pages=20,13,page-13,"montemar_transcripciones\html_por_pagina\06_5318583_box1_f6_Letter from Diego José, Fifth Count of Montemar to Marquis of Lara (8_page_013.html","montemar_transcripciones\txt_por_pagina\06_5318583_box1_f6_Letter from Diego José, Fifth Count of Montemar to Marquis of Lara (8_page_013.txt"
6,5318583_box1_f6,"Letter from Diego José, Fifth Count of Montemar to Marquis of Lara (8/10/1762)",https://montemar.library.illinois.edu/Home/Letter/5318583_box1_f6?f=5318583_box1_f6&pages=20,14,page-14,"montemar_transcripciones\html_por_pagina\06_5318583_box1_f6_Letter from Diego José, Fifth Count of Montemar to Marquis of Lara (8_page_014.html","montemar_transcripciones\txt_por_pagina\06_5318583_box1_f6_Letter from Diego José, Fifth Count of Montemar to Marquis of Lara (8_page_014.txt"
6,5318583_box1_f6,"Letter from Diego José, Fifth Count of Montemar to Marquis of Lara (8/10/1762)",https://montemar.library.illinois.edu/Home/Letter/5318583_box1_f6?f=5318583_box1_f6&pages=20,15,page-15,"montemar_transcripciones\html_por_pagina\06_5318583_box1_f6_Letter from Diego José, Fifth Count of Montemar to Marquis of Lara (8_page_015.html","montemar_transcripciones\txt_por_pagina\06_5318583_box1_f6_Letter from Diego José, Fifth Count of Montemar to Marquis of Lara (8_page_015.txt"
6,5318583_box1_f6,"Letter from Diego José, Fifth Count of Montemar to Marquis of Lara (8/10/1762)",https://montemar.library.illinois.edu/Home/Letter/5318583_box1_f6?f=5318583_box1_f6&pages=20,16,page-16,"montemar_transcripciones\html_por_pagina\06_5318583_box1_f6_Letter from Diego José, Fifth Count of Montemar to Marquis of Lara (8_page_016.html","montemar_transcripciones\txt_por_pagina\06_5318583_box1_f6_Letter from Diego José, Fifth Count of Montemar to Marquis of Lara (8_page_016.txt"
6,5318583_box1_f6,"Letter from Diego José, Fifth Count of Montemar to Marquis of Lara (8/10/1762)",https://montemar.library.illinois.edu/Home/Letter/5318583_box1_f6?f=5318583_box1_f6&pages=20,17,page-17,"montemar_transcripciones\html_por_pagina\06_5318583_box1_f6_Letter from Diego José, Fifth Count of Montemar to Marquis of Lara (8_page_017.html","montemar_transcripciones\txt_por_pagina\06_5318583_box1_f6_Letter from Diego José, Fifth Count of Montemar to Marquis of Lara (8_page_017.txt"
6,5318583_box1_f6,"Letter from Diego José, Fifth Count of Montemar to Marquis of Lara (8/10/1762)",https://montemar.library.illinois.edu/Home/Letter/5318583_box1_f6?f=5318583_box1_f6&pages=20,18,page-18,"montemar_transcripciones\html_por_pagina\06_5318583_box1_f6_Letter from Diego José, Fifth Count of Montemar to Marquis of Lara (8_page_018.html","montemar_transcripciones\txt_por_pagina\06_5318583_box1_f6_Letter from Diego José, Fifth Count of Montemar to Marquis of Lara (8_page_018.txt"
6,5318583_box1_f6,"Letter from Diego José, Fifth Count of Montemar to Marquis of Lara (8/10/1762)",https://montemar.library.illinois.edu/Home/Letter/5318583_box1_f6?f=5318583_box1_f6&pages=20,19,page-19,"montemar_transcripciones\html_por_pagina\06_5318583_box1_f6_Letter from Diego José, Fifth Count of Montemar to Marquis of Lara (8_page_019.html","montemar_transcripciones\txt_por_pagina\06_5318583_box1_f6_Letter from Diego José, Fifth Count of Montemar to Marquis of Lara (8_page_019.txt"
6,5318583_box1_f6,"Letter from Diego José, Fifth Count of Montemar to Marquis of Lara (8/10/1762)",https://montemar.library.illinois.edu/Home/Letter/5318583_box1_f6?f=5318583_box1_f6&pages=20,20,page-20,"montemar_transcripciones\html_por_pagina\06_5318583_box1_f6_Letter from Diego José, Fifth Count of Montemar to Marquis of Lara (8_page_020.html","montemar_transcripciones\txt_por_pagina\06_5318583_box1_f6_Letter from Diego José, Fifth Count of Montemar to Marquis of Lara (8_page_020.txt"
7,5318583_box1_f7,"Letter from Diego José, Fifth Count of Montemar to Juan Bautista Carrillo de Albornoz y Bravo de Lagunas (8/13/1762)",https://montemar.library.illinois.edu/Home/Letter/5318583_box1_f7?f=5318583_box1_f7&pages=8,1,page-1,"montemar_transcripciones\html_por_pagina\07_5318583_box1_f7_Letter from Diego José, Fifth Count of Montemar to Juan Bautista Carri_page_001.html","montemar_transcripciones\txt_por_pagina\07_5318583_box1_f7_Letter from Diego José, Fifth Count of Montemar to Juan Bautista Carri_page_001.txt"
7,5318583_box1_f7,"Letter from Diego José, Fifth Count of Montemar to Juan Bautista Carrillo de Albornoz y Bravo de Lagunas (8/13/1762)",https://montemar.library.illinois.edu/Home/Letter/5318583_box1_f7?f=5318583_box1_f7&pages=8,2,page-2,"montemar_transcripciones\html_por_pagina\07_5318583_box1_f7_Letter from Diego José, Fifth Count of Montemar to Juan Bautista Carri_page_002.html","montemar_transcripciones\txt_por_pagina\07_5318583_box1_f7_Letter from Diego José, Fifth Count of Montemar to Juan Bautista Carri_page_002.txt"
7,5318583_box1_f7,"Letter from Diego José, Fifth Count of Montemar to Juan Bautista Carrillo de Albornoz y Bravo de Lagunas (8/13/1762)",https://montemar.library.illinois.edu/Home/Letter/5318583_box1_f7?f=5318583_box1_f7&pages=8,3,page-3,"montemar_transcripciones\html_por_pagina\07_5318583_box1_f7_Letter from Diego José, Fifth Count of Montemar to Juan Bautista Carri_page_003.html","montemar_transcripciones\txt_por_pagina\07_5318583_box1_f7_Letter from Diego José, Fifth Count of Montemar to Juan Bautista Carri_page_003.txt"
7,5318583_box1_f7,"Letter from Diego José, Fifth Count of Montemar to Juan Bautista Carrillo de Albornoz y Bravo de Lagunas (8/13/1762)",https://montemar.library.illinois.edu/Home/Letter/5318583_box1_f7?f=5318583_box1_f7&pages=8,4,page-4,"montemar_transcripciones\html_por_pagina\07_5318583_box1_f7_Letter from Diego José, Fifth Count of Montemar to Juan Bautista Carri_page_004.html","montemar_transcripciones\txt_por_pagina\07_5318583_box1_f7_Letter from Diego José, Fifth Count of Montemar to Juan Bautista Carri_page_004.txt"
7,5318583_box1_f7,"Letter from Diego José, Fifth Count of Montemar to Juan Bautista Carrillo de Albornoz y Bravo de Lagunas (8/13/1762)",https://montemar.library.illinois.edu/Home/Letter/5318583_box1_f7?f=5318583_box1_f7&pages=8,5,page-5,"montemar_transcripciones\html_por_pagina\07_5318583_box1_f7_Letter from Diego José, Fifth Count of Montemar to Juan Bautista Carri_page_005.html","montemar_transcripciones\txt_por_pagina\07_5318583_box1_f7_Letter from Diego José, Fifth Count of Montemar to Juan Bautista Carri_page_005.txt"
7,5318583_box1_f7,"Letter from Diego José, Fifth Count of Montemar to Juan Bautista Carrillo de Albornoz y Bravo de Lagunas (8/13/1762)",https://montemar.library.illinois.edu/Home/Letter/5318583_box1_f7?f=5318583_box1_f7&pages=8,6,page-6,"montemar_transcripciones\html_por_pagina\07_5318583_box1_f7_Letter from Diego José, Fifth Count of Montemar to Juan Bautista Carri_page_006.html","montemar_transcripciones\txt_por_pagina\07_5318583_box1_f7_Letter from Diego José, Fifth Count of Montemar to Juan Bautista Carri_page_006.txt"
7,5318583_box1_f7,"Letter from Diego José, Fifth Count of Montemar to Juan Bautista Carrillo de Albornoz y Bravo de Lagunas (8/13/1762)",https://montemar.library.illinois.edu/Home/Letter/5318583_box1_f7?f=5318583_box1_f7&pages=8,7,page-7,"montemar_transcripciones\html_por_pagina\07_5318583_box1_f7_Letter from Diego José, Fifth Count of Montemar to Juan Bautista Carri_page_007.html","montemar_transcripciones\txt_por_pagina\07_5318583_box1_f7_Letter from Diego José, Fifth Count of Montemar to Juan Bautista Carri_page_007.txt"
7,5318583_box1_f7,"Letter from Diego José, Fifth Count of Montemar to Juan Bautista Carrillo de Albornoz y Bravo de Lagunas (8/13/1762)",https://montemar.library.illinois.edu/Home/Letter/5318583_box1_f7?f=5318583_box1_f7&pages=8,8,page-8,"montemar_transcripciones\html_por_pagina\07_5318583_box1_f7_Letter from Diego José, Fifth Count of Montemar to Juan Bautista Carri_page_008.html","montemar_transcripciones\txt_por_pagina\07_5318583_box1_f7_Letter from Diego José, Fifth Count of Montemar to Juan Bautista Carri_page_008.txt"
8,5318583_box1_f7b,"Letter from Diego José, Fifth Count of Montemar to Juan Bautista Carrillo de Albornoz y Bravo de Lagunas (8/13/1762)",https://montemar.library.illinois.edu/Home/Letter/5318583_box1_f7b?f=5318583_box1_f7b&pages=8,1,page-1,"montemar_transcripciones\html_por_pagina\08_5318583_box1_f7b_Letter from Diego José, Fifth Count of Montemar to Juan Bautista Carri_page_001.html","montemar_transcripciones\txt_por_pagina\08_5318583_box1_f7b_Letter from Diego José, Fifth Count of Montemar to Juan Bautista Carri_page_001.txt"
8,5318583_box1_f7b,"Letter from Diego José, Fifth Count of Montemar to Juan Bautista Carrillo de Albornoz y Bravo de Lagunas (8/13/1762)",https://montemar.library.illinois.edu/Home/Letter/5318583_box1_f7b?f=5318583_box1_f7b&pages=8,2,page-2,"montemar_transcripciones\html_por_pagina\08_5318583_box1_f7b_Letter from Diego José, Fifth Count of Montemar to Juan Bautista Carri_page_002.html","montemar_transcripciones\txt_por_pagina\08_5318583_box1_f7b_Letter from Diego José, Fifth Count of Montemar to Juan Bautista Carri_page_002.txt"
8,5318583_box1_f7b,"Letter from Diego José, Fifth Count of Montemar to Juan Bautista Carrillo de Albornoz y Bravo de Lagunas (8/13/1762)",https://montemar.library.illinois.edu/Home/Letter/5318583_box1_f7b?f=5318583_box1_f7b&pages=8,3,page-3,"montemar_transcripciones\html_por_pagina\08_5318583_box1_f7b_Letter from Diego José, Fifth Count of Montemar to Juan Bautista Carri_page_003.html","montemar_transcripciones\txt_por_pagina\08_5318583_box1_f7b_Letter from Diego José, Fifth Count of Montemar to Juan Bautista Carri_page_003.txt"
8,5318583_box1_f7b,"Letter from Diego José, Fifth Count of Montemar to Juan Bautista Carrillo de Albornoz y Bravo de Lagunas (8/13/1762)",https://montemar.library.illinois.edu/Home/Letter/5318583_box1_f7b?f=5318583_box1_f7b&pages=8,4,page-4,"montemar_transcripciones\html_por_pagina\08_5318583_box1_f7b_Letter from Diego José, Fifth Count of Montemar to Juan Bautista Carri_page_004.html","montemar_transcripciones\txt_por_pagina\08_5318583_box1_f7b_Letter from Diego José, Fifth Count of Montemar to Juan Bautista Carri_page_004.txt"
8,5318583_box1_f7b,"Letter from Diego José, Fifth Count of Montemar to Juan Bautista Carrillo de Albornoz y Bravo de Lagunas (8/13/1762)",https://montemar.library.illinois.edu/Home/Letter/5318583_box1_f7b?f=5318583_box1_f7b&pages=8,5,page-5,"montemar_transcripciones\html_por_pagina\08_5318583_box1_f7b_Letter from Diego José, Fifth Count of Montemar to Juan Bautista Carri_page_005.html","montemar_transcripciones\txt_por_pagina\08_5318583_box1_f7b_Letter from Diego José, Fifth Count of Montemar to Juan Bautista Carri_page_005.txt"
8,5318583_box1_f7b,"Letter from Diego José, Fifth Count of Montemar to Juan Bautista Carrillo de Albornoz y Bravo de Lagunas (8/13/1762)",https://montemar.library.illinois.edu/Home/Letter/5318583_box1_f7b?f=5318583_box1_f7b&pages=8,6,page-6,"montemar_transcripciones\html_por_pagina\08_5318583_box1_f7b_Letter from Diego José, Fifth Count of Montemar to Juan Bautista Carri_page_006.html","montemar_transcripciones\txt_por_pagina\08_5318583_box1_f7b_Letter from Diego José, Fifth Count of Montemar to Juan Bautista Carri_page_006.txt"
8,5318583_box1_f7b,"Letter from Diego José, Fifth Count of Montemar to Juan Bautista Carrillo de Albornoz y Bravo de Lagunas (8/13/1762)",https://montemar.library.illinois.edu/Home/Letter/5318583_box1_f7b?f=5318583_box1_f7b&pages=8,7,page-7,"montemar_transcripciones\html_por_pagina\08_5318583_box1_f7b_Letter from Diego José, Fifth Count of Montemar to Juan Bautista Carri_page_007.html","montemar_transcripciones\txt_por_pagina\08_5318583_box1_f7b_Letter from Diego José, Fifth Count of Montemar to Juan Bautista Carri_page_007.txt"
8,5318583_box1_f7b,"Letter from Diego José, Fifth Count of Montemar to Juan Bautista Carrillo de Albornoz y Bravo de Lagunas (8/13/1762)",https://montemar.library.illinois.edu/Home/Letter/5318583_box1_f7b?f=5318583_box1_f7b&pages=8,8,page-8,"montemar_transcripciones\html_por_pagina\08_5318583_box1_f7b_Letter from Diego José, Fifth Count of Montemar to Juan Bautista Carri_page_008.html","montemar_transcripciones\txt_por_pagina\08_5318583_box1_f7b_Letter from Diego José, Fifth Count of Montemar to Juan Bautista Carri_page_008.txt"
9,5318583_box1_f8,"Letter from Diego José, Fifth Count of Montemar to Isabel de la Presa Carrillo de Albornoz (8/13/1762)",https://montemar.library.illinois.edu/Home/Letter/5318583_box1_f8?f=5318583_box1_f8&pages=8,1,page-1,"montemar_transcripciones\html_por_pagina\09_5318583_box1_f8_Letter from Diego José, Fifth Count of Montemar to Isabel de la Presa_page_001.html","montemar_transcripciones\txt_por_pagina\09_5318583_box1_f8_Letter from Diego José, Fifth Count of Montemar to Isabel de la Presa_page_001.txt"
9,5318583_box1_f8,"Letter from Diego José, Fifth Count of Montemar to Isabel de la Presa Carrillo de Albornoz (8/13/1762)",https://montemar.library.illinois.edu/Home/Letter/5318583_box1_f8?f=5318583_box1_f8&pages=8,2,page-2,"montemar_transcripciones\html_por_pagina\09_5318583_box1_f8_Letter from Diego José, Fifth Count of Montemar to Isabel de la Presa_page_002.html","montemar_transcripciones\txt_por_pagina\09_5318583_box1_f8_Letter from Diego José, Fifth Count of Montemar to Isabel de la Presa_page_002.txt"
9,5318583_box1_f8,"Letter from Diego José, Fifth Count of Montemar to Isabel de la Presa Carrillo de Albornoz (8/13/1762)",https://montemar.library.illinois.edu/Home/Letter/5318583_box1_f8?f=5318583_box1_f8&pages=8,3,page-3,"montemar_transcripciones\html_por_pagina\09_5318583_box1_f8_Letter from Diego José, Fifth Count of Montemar to Isabel de la Presa_page_003.html","montemar_transcripciones\txt_por_pagina\09_5318583_box1_f8_Letter from Diego José, Fifth Count of Montemar to Isabel de la Presa_page_003.txt"
9,5318583_box1_f8,"Letter from Diego José, Fifth Count of Montemar to Isabel de la Presa Carrillo de Albornoz (8/13/1762)",https://montemar.library.illinois.edu/Home/Letter/5318583_box1_f8?f=5318583_box1_f8&pages=8,4,page-4,"montemar_transcripciones\html_por_pagina\09_5318583_box1_f8_Letter from Diego José, Fifth Count of Montemar to Isabel de la Presa_page_004.html","montemar_transcripciones\txt_por_pagina\09_5318583_box1_f8_Letter from Diego José, Fifth Count of Montemar to Isabel de la Presa_page_004.txt"
9,5318583_box1_f8,"Letter from Diego José, Fifth Count of Montemar to Isabel de la Presa Carrillo de Albornoz (8/13/1762)",https://montemar.library.illinois.edu/Home/Letter/5318583_box1_f8?f=5318583_box1_f8&pages=8,5,page-5,"montemar_transcripciones\html_por_pagina\09_5318583_box1_f8_Letter from Diego José, Fifth Count of Montemar to Isabel de la Presa_page_005.html","montemar_transcripciones\txt_por_pagina\09_5318583_box1_f8_Letter from Diego José, Fifth Count of Montemar to Isabel de la Presa_page_005.txt"
9,5318583_box1_f8,"Letter from Diego José, Fifth Count of Montemar to Isabel de la Presa Carrillo de Albornoz (8/13/1762)",https://montemar.library.illinois.edu/Home/Letter/5318583_box1_f8?f=5318583_box1_f8&pages=8,6,page-6,"montemar_transcripciones\html_por_pagina\09_5318583_box1_f8_Letter from Diego José, Fifth Count of Montemar to Isabel de la Presa_page_006.html","montemar_transcripciones\txt_por_pagina\09_5318583_box1_f8_Letter from Diego José, Fifth Count of Montemar to Isabel de la Presa_page_006.txt"
9,5318583_box1_f8,"Letter from Diego José, Fifth Count of Montemar to Isabel de la Presa Carrillo de Albornoz (8/13/1762)",https://montemar.library.illinois.edu/Home/Letter/5318583_box1_f8?f=5318583_box1_f8&pages=8,7,page-7,"montemar_transcripciones\html_por_pagina\09_5318583_box1_f8_Letter from Diego José, Fifth Count of Montemar to Isabel de la Presa_page_007.html","montemar_transcripciones\txt_por_pagina\09_5318583_box1_f8_Letter from Diego José, Fifth Count of Montemar to Isabel de la Presa_page_007.txt"
9,5318583_box1_f8,"Letter from Diego José, Fifth Count of Montemar to Isabel de la Presa Carrillo de Albornoz (8/13/1762)",https://montemar.library.illinois.edu/Home/Letter/5318583_box1_f8?f=5318583_box1_f8&pages=8,8,page-8,"montemar_transcripciones\html_por_pagina\09_5318583_box1_f8_Letter from Diego José, Fifth Count of Montemar to Isabel de la Presa_page_008.html","montemar_transcripciones\txt_por_pagina\09_5318583_box1_f8_Letter from Diego José, Fifth Count of Montemar to Isabel de la Presa_page_008.txt"
10,5318583_box1_f8b,"Letter from Diego José, Fifth Count of Montemar to Isabel de la Presa Carrillo de Albornoz (8/13/1762)",https://montemar.library.illinois.edu/Home/Letter/5318583_box1_f8b?f=5318583_box1_f8b&pages=6,1,page-1,"montemar_transcripciones\html_por_pagina\10_5318583_box1_f8b_Letter from Diego José, Fifth Count of Montemar to Isabel de la Presa_page_001.html","montemar_transcripciones\txt_por_pagina\10_5318583_box1_f8b_Letter from Diego José, Fifth Count of Montemar to Isabel de la Presa_page_001.txt"
10,5318583_box1_f8b,"Letter from Diego José, Fifth Count of Montemar to Isabel de la Presa Carrillo de Albornoz (8/13/1762)",https://montemar.library.illinois.edu/Home/Letter/5318583_box1_f8b?f=5318583_box1_f8b&pages=6,2,page-2,"montemar_transcripciones\html_por_pagina\10_5318583_box1_f8b_Letter from Diego José, Fifth Count of Montemar to Isabel de la Presa_page_002.html","montemar_transcripciones\txt_por_pagina\10_5318583_box1_f8b_Letter from Diego José, Fifth Count of Montemar to Isabel de la Presa_page_002.txt"
10,5318583_box1_f8b,"Letter from Diego José, Fifth Count of Montemar to Isabel de la Presa Carrillo de Albornoz (8/13/1762)",https://montemar.library.illinois.edu/Home/Letter/5318583_box1_f8b?f=5318583_box1_f8b&pages=6,3,page-3,"montemar_transcripciones\html_por_pagina\10_5318583_box1_f8b_Letter from Diego José, Fifth Count of Montemar to Isabel de la Presa_page_003.html","montemar_transcripciones\txt_por_pagina\10_5318583_box1_f8b_Letter from Diego José, Fifth Count of Montemar to Isabel de la Presa_page_003.txt"
10,5318583_box1_f8b,"Letter from Diego José, Fifth Count of Montemar to Isabel de la Presa Carrillo de Albornoz (8/13/1762)",https://montemar.library.illinois.edu/Home/Letter/5318583_box1_f8b?f=5318583_box1_f8b&pages=6,4,page-4,"montemar_transcripciones\html_por_pagina\10_5318583_box1_f8b_Letter from Diego José, Fifth Count of Montemar to Isabel de la Presa_page_004.html","montemar_transcripciones\txt_por_pagina\10_5318583_box1_f8b_Letter from Diego José, Fifth Count of Montemar to Isabel de la Presa_page_004.txt"
10,5318583_box1_f8b,"Letter from Diego José, Fifth Count of Montemar to Isabel de la Presa Carrillo de Albornoz (8/13/1762)",https://montemar.library.illinois.edu/Home/Letter/5318583_box1_f8b?f=5318583_box1_f8b&pages=6,5,page-5,"montemar_transcripciones\html_por_pagina\10_5318583_box1_f8b_Letter from Diego José, Fifth Count of Montemar to Isabel de la Presa_page_005.html","montemar_transcripciones\txt_por_pagina\10_5318583_box1_f8b_Letter from Diego José, Fifth Count of Montemar to Isabel de la Presa_page_005.txt"
10,5318583_box1_f8b,"Letter from Diego José, Fifth Count of Montemar to Isabel de la Presa Carrillo de Albornoz (8/13/1762)",https://montemar.library.illinois.edu/Home/Letter/5318583_box1_f8b?f=5318583_box1_f8b&pages=6,6,page-6,"montemar_transcripciones\html_por_pagina\10_5318583_box1_f8b_Letter from Diego José, Fifth Count of Montemar to Isabel de la Presa_page_006.html","montemar_transcripciones\txt_por_pagina\10_5318583_box1_f8b_Letter from Diego José, Fifth Count of Montemar to Isabel de la Presa_page_006.txt"
11,5318583_box1_f9,"Letter from Diego José, Fifth Count of Montemar to Marquis of Lara (12/14/1762)",https://montemar.library.illinois.edu/Home/Letter/5318583_box1_f9?f=5318583_box1_f9&pages=6,1,page-1,"montemar_transcripciones\html_por_pagina\11_5318583_box1_f9_Letter from Diego José, Fifth Count of Montemar to Marquis of Lara (12_page_001.html","montemar_transcripciones\txt_por_pagina\11_5318583_box1_f9_Letter from Diego José, Fifth Count of Montemar to Marquis of Lara (12_page_001.txt"
11,5318583_box1_f9,"Letter from Diego José, Fifth Count of Montemar to Marquis of Lara (12/14/1762)",https://montemar.library.illinois.edu/Home/Letter/5318583_box1_f9?f=5318583_box1_f9&pages=6,2,page-2,"montemar_transcripciones\html_por_pagina\11_5318583_box1_f9_Letter from Diego José, Fifth Count of Montemar to Marquis of Lara (12_page_002.html","montemar_transcripciones\txt_por_pagina\11_5318583_box1_f9_Letter from Diego José, Fifth Count of Montemar to Marquis of Lara (12_page_002.txt"
11,5318583_box1_f9,"Letter from Diego José, Fifth Count of Montemar to Marquis of Lara (12/14/1762)",https://montemar.library.illinois.edu/Home/Letter/5318583_box1_f9?f=5318583_box1_f9&pages=6,3,page-3,"montemar_transcripciones\html_por_pagina\11_5318583_box1_f9_Letter from Diego José, Fifth Count of Montemar to Marquis of Lara (12_page_003.html","montemar_transcripciones\txt_por_pagina\11_5318583_box1_f9_Letter from Diego José, Fifth Count of Montemar to Marquis of Lara (12_page_003.txt"
11,5318583_box1_f9,"Letter from Diego José, Fifth Count of Montemar to Marquis of Lara (12/14/1762)",https://montemar.library.illinois.edu/Home/Letter/5318583_box1_f9?f=5318583_box1_f9&pages=6,4,page-4,"montemar_transcripciones\html_por_pagina\11_5318583_box1_f9_Letter from Diego José, Fifth Count of Montemar to Marquis of Lara (12_page_004.html","montemar_transcripciones\txt_por_pagina\11_5318583_box1_f9_Letter from Diego José, Fifth Count of Montemar to Marquis of Lara (12_page_004.txt"
11,5318583_box1_f9,"Letter from Diego José, Fifth Count of Montemar to Marquis of Lara (12/14/1762)",https://montemar.library.illinois.edu/Home/Letter/5318583_box1_f9?f=5318583_box1_f9&pages=6,5,page-5,"montemar_transcripciones\html_por_pagina\11_5318583_box1_f9_Letter from Diego José, Fifth Count of Montemar to Marquis of Lara (12_page_005.html","montemar_transcripciones\txt_por_pagina\11_5318583_box1_f9_Letter from Diego José, Fifth Count of Montemar to Marquis of Lara (12_page_005.txt"
11,5318583_box1_f9,"Letter from Diego José, Fifth Count of Montemar to Marquis of Lara (12/14/1762)",https://montemar.library.illinois.edu/Home/Letter/5318583_box1_f9?f=5318583_box1_f9&pages=6,6,page-6,"montemar_transcripciones\html_por_pagina\11_5318583_box1_f9_Letter from Diego José, Fifth Count of Montemar to Marquis of Lara (12_page_006.html","montemar_transcripciones\txt_por_pagina\11_5318583_box1_f9_Letter from Diego José, Fifth Count of Montemar to Marquis of Lara (12_page_006.txt"
12,5318583_box1_f10,"Letter from Diego José, Fifth Count of Montemar to Marquis of Lara (1/4/1763)",https://montemar.library.illinois.edu/Home/Letter/5318583_box1_f10?f=5318583_box1_f10&pages=12,1,page-1,"montemar_transcripciones\html_por_pagina\12_5318583_box1_f10_Letter from Diego José, Fifth Count of Montemar to Marquis of Lara (1_page_001.html","montemar_transcripciones\txt_por_pagina\12_5318583_box1_f10_Letter from Diego José, Fifth Count of Montemar to Marquis of Lara (1_page_001.txt"
12,5318583_box1_f10,"Letter from Diego José, Fifth Count of Montemar to Marquis of Lara (1/4/1763)",https://montemar.library.illinois.edu/Home/Letter/5318583_box1_f10?f=5318583_box1_f10&pages=12,2,page-2,"montemar_transcripciones\html_por_pagina\12_5318583_box1_f10_Letter from Diego José, Fifth Count of Montemar to Marquis of Lara (1_page_002.html","montemar_transcripciones\txt_por_pagina\12_5318583_box1_f10_Letter from Diego José, Fifth Count of Montemar to Marquis of Lara (1_page_002.txt"
12,5318583_box1_f10,"Letter from Diego José, Fifth Count of Montemar to Marquis of Lara (1/4/1763)",https://montemar.library.illinois.edu/Home/Letter/5318583_box1_f10?f=5318583_box1_f10&pages=12,3,page-3,"montemar_transcripciones\html_por_pagina\12_5318583_box1_f10_Letter from Diego José, Fifth Count of Montemar to Marquis of Lara (1_page_003.html","montemar_transcripciones\txt_por_pagina\12_5318583_box1_f10_Letter from Diego José, Fifth Count of Montemar to Marquis of Lara (1_page_003.txt"
12,5318583_box1_f10,"Letter from Diego José, Fifth Count of Montemar to Marquis of Lara (1/4/1763)",https://montemar.library.illinois.edu/Home/Letter/5318583_box1_f10?f=5318583_box1_f10&pages=12,4,page-4,"montemar_transcripciones\html_por_pagina\12_5318583_box1_f10_Letter from Diego José, Fifth Count of Montemar to Marquis of Lara (1_page_004.html","montemar_transcripciones\txt_por_pagina\12_5318583_box1_f10_Letter from Diego José, Fifth Count of Montemar to Marquis of Lara (1_page_004.txt"
12,5318583_box1_f10,"Letter from Diego José, Fifth Count of Montemar to Marquis of Lara (1/4/1763)",https://montemar.library.illinois.edu/Home/Letter/5318583_box1_f10?f=5318583_box1_f10&pages=12,5,page-5,"montemar_transcripciones\html_por_pagina\12_5318583_box1_f10_Letter from Diego José, Fifth Count of Montemar to Marquis of Lara (1_page_005.html","montemar_transcripciones\txt_por_pagina\12_5318583_box1_f10_Letter from Diego José, Fifth Count of Montemar to Marquis of Lara (1_page_005.txt"
12,5318583_box1_f10,"Letter from Diego José, Fifth Count of Montemar to Marquis of Lara (1/4/1763)",https://montemar.library.illinois.edu/Home/Letter/5318583_box1_f10?f=5318583_box1_f10&pages=12,6,page-6,"montemar_transcripciones\html_por_pagina\12_5318583_box1_f10_Letter from Diego José, Fifth Count of Montemar to Marquis of Lara (1_page_006.html","montemar_transcripciones\txt_por_pagina\12_5318583_box1_f10_Letter from Diego José, Fifth Count of Montemar to Marquis of Lara (1_page_006.txt"
12,5318583_box1_f10,"Letter from Diego José, Fifth Count of Montemar to Marquis of Lara (1/4/1763)",https://montemar.library.illinois.edu/Home/Letter/5318583_box1_f10?f=5318583_box1_f10&pages=12,7,page-7,"montemar_transcripciones\html_por_pagina\12_5318583_box1_f10_Letter from Diego José, Fifth Count of Montemar to Marquis of Lara (1_page_007.html","montemar_transcripciones\txt_por_pagina\12_5318583_box1_f10_Letter from Diego José, Fifth Count of Montemar to Marquis of Lara (1_page_007.txt"
12,5318583_box1_f10,"Letter from Diego José, Fifth Count of Montemar to Marquis of Lara (1/4/1763)",https://montemar.library.illinois.edu/Home/Letter/5318583_box1_f10?f=5318583_box1_f10&pages=12,8,page-8,"montemar_transcripciones\html_por_pagina\12_5318583_box1_f10_Letter from Diego José, Fifth Count of Montemar to Marquis of Lara (1_page_008.html","montemar_transcripciones\txt_por_pagina\12_5318583_box1_f10_Letter from Diego José, Fifth Count of Montemar to Marquis of Lara (1_page_008.txt"
12,5318583_box1_f10,"Letter from Diego José, Fifth Count of Montemar to Marquis of Lara (1/4/1763)",https://montemar.library.illinois.edu/Home/Letter/5318583_box1_f10?f=5318583_box1_f10&pages=12,9,page-9,"montemar_transcripciones\html_por_pagina\12_5318583_box1_f10_Letter from Diego José, Fifth Count of Montemar to Marquis of Lara (1_page_009.html","montemar_transcripciones\txt_por_pagina\12_5318583_box1_f10_Letter from Diego José, Fifth Count of Montemar to Marquis of Lara (1_page_009.txt"
12,5318583_box1_f10,"Letter from Diego José, Fifth Count of Montemar to Marquis of Lara (1/4/1763)",https://montemar.library.illinois.edu/Home/Letter/5318583_box1_f10?f=5318583_box1_f10&pages=12,10,page-10,"montemar_transcripciones\html_por_pagina\12_5318583_box1_f10_Letter from Diego José, Fifth Count of Montemar to Marquis of Lara (1_page_010.html","montemar_transcripciones\txt_por_pagina\12_5318583_box1_f10_Letter from Diego José, Fifth Count of Montemar to Marquis of Lara (1_page_010.txt"
12,5318583_box1_f10,"Letter from Diego José, Fifth Count of Montemar to Marquis of Lara (1/4/1763)",https://montemar.library.illinois.edu/Home/Letter/5318583_box1_f10?f=5318583_box1_f10&pages=12,11,page-11,"montemar_transcripciones\html_por_pagina\12_5318583_box1_f10_Letter from Diego José, Fifth Count of Montemar to Marquis of Lara (1_page_011.html","montemar_transcripciones\txt_por_pagina\12_5318583_box1_f10_Letter from Diego José, Fifth Count of Montemar to Marquis of Lara (1_page_011.txt"
12,5318583_box1_f10,"Letter from Diego José, Fifth Count of Montemar to Marquis of Lara (1/4/1763)",https://montemar.library.illinois.edu/Home/Letter/5318583_box1_f10?f=5318583_box1_f10&pages=12,12,page-12,"montemar_transcripciones\html_por_pagina\12_5318583_box1_f10_Letter from Diego José, Fifth Count of Montemar to Marquis of Lara (1_page_012.html","montemar_transcripciones\txt_por_pagina\12_5318583_box1_f10_Letter from Diego José, Fifth Count of Montemar to Marquis of Lara (1_page_012.txt"
13,5318583_box1_f11,"Letter from Diego José, Fifth Count of Montemar to Marquis of Lara, (8/23/1763)",https://montemar.library.illinois.edu/Home/Letter/5318583_box1_f11?f=5318583_box1_f11&pages=32,1,page-1,"montemar_transcripciones\html_por_pagina\13_5318583_box1_f11_Letter from Diego José, Fifth Count of Montemar to Marquis of Lara, (8_page_001.html","montemar_transcripciones\txt_por_pagina\13_5318583_box1_f11_Letter from Diego José, Fifth Count of Montemar to Marquis of Lara, (8_page_001.txt"
13,5318583_box1_f11,"Letter from Diego José, Fifth Count of Montemar to Marquis of Lara, (8/23/1763)",https://montemar.library.illinois.edu/Home/Letter/5318583_box1_f11?f=5318583_box1_f11&pages=32,2,page-2,"montemar_transcripciones\html_por_pagina\13_5318583_box1_f11_Letter from Diego José, Fifth Count of Montemar to Marquis of Lara, (8_page_002.html","montemar_transcripciones\txt_por_pagina\13_5318583_box1_f11_Letter from Diego José, Fifth Count of Montemar to Marquis of Lara, (8_page_002.txt"
13,5318583_box1_f11,"Letter from Diego José, Fifth Count of Montemar to Marquis of Lara, (8/23/1763)",https://montemar.library.illinois.edu/Home/Letter/5318583_box1_f11?f=5318583_box1_f11&pages=32,3,page-3,"montemar_transcripciones\html_por_pagina\13_5318583_box1_f11_Letter from Diego José, Fifth Count of Montemar to Marquis of Lara, (8_page_003.html","montemar_transcripciones\txt_por_pagina\13_5318583_box1_f11_Letter from Diego José, Fifth Count of Montemar to Marquis of Lara, (8_page_003.txt"
13,5318583_box1_f11,"Letter from Diego José, Fifth Count of Montemar to Marquis of Lara, (8/23/1763)",https://montemar.library.illinois.edu/Home/Letter/5318583_box1_f11?f=5318583_box1_f11&pages=32,4,page-4,"montemar_transcripciones\html_por_pagina\13_5318583_box1_f11_Letter from Diego José, Fifth Count of Montemar to Marquis of Lara, (8_page_004.html","montemar_transcripciones\txt_por_pagina\13_5318583_box1_f11_Letter from Diego José, Fifth Count of Montemar to Marquis of Lara, (8_page_004.txt"
13,5318583_box1_f11,"Letter from Diego José, Fifth Count of Montemar to Marquis of Lara, (8/23/1763)",https://montemar.library.illinois.edu/Home/Letter/5318583_box1_f11?f=5318583_box1_f11&pages=32,5,page-5,"montemar_transcripciones\html_por_pagina\13_5318583_box1_f11_Letter from Diego José, Fifth Count of Montemar to Marquis of Lara, (8_page_005.html","montemar_transcripciones\txt_por_pagina\13_5318583_box1_f11_Letter from Diego José, Fifth Count of Montemar to Marquis of Lara, (8_page_005.txt"
13,5318583_box1_f11,"Letter from Diego José, Fifth Count of Montemar to Marquis of Lara, (8/23/1763)",https://montemar.library.illinois.edu/Home/Letter/5318583_box1_f11?f=5318583_box1_f11&pages=32,6,page-6,"montemar_transcripciones\html_por_pagina\13_5318583_box1_f11_Letter from Diego José, Fifth Count of Montemar to Marquis of Lara, (8_page_006.html","montemar_transcripciones\txt_por_pagina\13_5318583_box1_f11_Letter from Diego José, Fifth Count of Montemar to Marquis of Lara, (8_page_006.txt"
13,5318583_box1_f11,"Letter from Diego José, Fifth Count of Montemar to Marquis of Lara, (8/23/1763)",https://montemar.library.illinois.edu/Home/Letter/5318583_box1_f11?f=5318583_box1_f11&pages=32,7,page-7,"montemar_transcripciones\html_por_pagina\13_5318583_box1_f11_Letter from Diego José, Fifth Count of Montemar to Marquis of Lara, (8_page_007.html","montemar_transcripciones\txt_por_pagina\13_5318583_box1_f11_Letter from Diego José, Fifth Count of Montemar to Marquis of Lara, (8_page_007.txt"
13,5318583_box1_f11,"Letter from Diego José, Fifth Count of Montemar to Marquis of Lara, (8/23/1763)",https://montemar.library.illinois.edu/Home/Letter/5318583_box1_f11?f=5318583_box1_f11&pages=32,8,page-8,"montemar_transcripciones\html_por_pagina\13_5318583_box1_f11_Letter from Diego José, Fifth Count of Montemar to Marquis of Lara, (8_page_008.html","montemar_transcripciones\txt_por_pagina\13_5318583_box1_f11_Letter from Diego José, Fifth Count of Montemar to Marquis of Lara, (8_page_008.txt"
13,5318583_box1_f11,"Letter from Diego José, Fifth Count of Montemar to Marquis of Lara, (8/23/1763)",https://montemar.library.illinois.edu/Home/Letter/5318583_box1_f11?f=5318583_box1_f11&pages=32,9,page-9,"montemar_transcripciones\html_por_pagina\13_5318583_box1_f11_Letter from Diego José, Fifth Count of Montemar to Marquis of Lara, (8_page_009.html","montemar_transcripciones\txt_por_pagina\13_5318583_box1_f11_Letter from Diego José, Fifth Count of Montemar to Marquis of Lara, (8_page_009.txt"
13,5318583_box1_f11,"Letter from Diego José, Fifth Count of Montemar to Marquis of Lara, (8/23/1763)",https://montemar.library.illinois.edu/Home/Letter/5318583_box1_f11?f=5318583_box1_f11&pages=32,10,page-10,"montemar_transcripciones\html_por_pagina\13_5318583_box1_f11_Letter from Diego José, Fifth Count of Montemar to Marquis of Lara, (8_page_010.html","montemar_transcripciones\txt_por_pagina\13_5318583_box1_f11_Letter from Diego José, Fifth Count of Montemar to Marquis of Lara, (8_page_010.txt"
13,5318583_box1_f11,"Letter from Diego José, Fifth Count of Montemar to Marquis of Lara, (8/23/1763)",https://montemar.library.illinois.edu/Home/Letter/5318583_box1_f11?f=5318583_box1_f11&pages=32,11,page-11,"montemar_transcripciones\html_por_pagina\13_5318583_box1_f11_Letter from Diego José, Fifth Count of Montemar to Marquis of Lara, (8_page_011.html","montemar_transcripciones\txt_por_pagina\13_5318583_box1_f11_Letter from Diego José, Fifth Count of Montemar to Marquis of Lara, (8_page_011.txt"
13,5318583_box1_f11,"Letter from Diego José, Fifth Count of Montemar to Marquis of Lara, (8/23/1763)",https://montemar.library.illinois.edu/Home/Letter/5318583_box1_f11?f=5318583_box1_f11&pages=32,12,page-12,"montemar_transcripciones\html_por_pagina\13_5318583_box1_f11_Letter from Diego José, Fifth Count of Montemar to Marquis of Lara, (8_page_012.html","montemar_transcripciones\txt_por_pagina\13_5318583_box1_f11_Letter from Diego José, Fifth Count of Montemar to Marquis of Lara, (8_page_012.txt"
13,5318583_box1_f11,"Letter from Diego José, Fifth Count of Montemar to Marquis of Lara, (8/23/1763)",https://montemar.library.illinois.edu/Home/Letter/5318583_box1_f11?f=5318583_box1_f11&pages=32,13,page-13,"montemar_transcripciones\html_por_pagina\13_5318583_box1_f11_Letter from Diego José, Fifth Count of Montemar to Marquis of Lara, (8_page_013.html","montemar_transcripciones\txt_por_pagina\13_5318583_box1_f11_Letter from Diego José, Fifth Count of Montemar to Marquis of Lara, (8_page_013.txt"
13,5318583_box1_f11,"Letter from Diego José, Fifth Count of Montemar to Marquis of Lara, (8/23/1763)",https://montemar.library.illinois.edu/Home/Letter/5318583_box1_f11?f=5318583_box1_f11&pages=32,14,page-14,"montemar_transcripciones\html_por_pagina\13_5318583_box1_f11_Letter from Diego José, Fifth Count of Montemar to Marquis of Lara, (8_page_014.html","montemar_transcripciones\txt_por_pagina\13_5318583_box1_f11_Letter from Diego José, Fifth Count of Montemar to Marquis of Lara, (8_page_014.txt"
13,5318583_box1_f11,"Letter from Diego José, Fifth Count of Montemar to Marquis of Lara, (8/23/1763)",https://montemar.library.illinois.edu/Home/Letter/5318583_box1_f11?f=5318583_box1_f11&pages=32,15,page-15,"montemar_transcripciones\html_por_pagina\13_5318583_box1_f11_Letter from Diego José, Fifth Count of Montemar to Marquis of Lara, (8_page_015.html","montemar_transcripciones\txt_por_pagina\13_5318583_box1_f11_Letter from Diego José, Fifth Count of Montemar to Marquis of Lara, (8_page_015.txt"
13,5318583_box1_f11,"Letter from Diego José, Fifth Count of Montemar to Marquis of Lara, (8/23/1763)",https://montemar.library.illinois.edu/Home/Letter/5318583_box1_f11?f=5318583_box1_f11&pages=32,16,page-16,"montemar_transcripciones\html_por_pagina\13_5318583_box1_f11_Letter from Diego José, Fifth Count of Montemar to Marquis of Lara, (8_page_016.html","montemar_transcripciones\txt_por_pagina\13_5318583_box1_f11_Letter from Diego José, Fifth Count of Montemar to Marquis of Lara, (8_page_016.txt"
13,5318583_box1_f11,"Letter from Diego José, Fifth Count of Montemar to Marquis of Lara, (8/23/1763)",https://montemar.library.illinois.edu/Home/Letter/5318583_box1_f11?f=5318583_box1_f11&pages=32,17,page-17,"montemar_transcripciones\html_por_pagina\13_5318583_box1_f11_Letter from Diego José, Fifth Count of Montemar to Marquis of Lara, (8_page_017.html","montemar_transcripciones\txt_por_pagina\13_5318583_box1_f11_Letter from Diego José, Fifth Count of Montemar to Marquis of Lara, (8_page_017.txt"
13,5318583_box1_f11,"Letter from Diego José, Fifth Count of Montemar to Marquis of Lara, (8/23/1763)",https://montemar.library.illinois.edu/Home/Letter/5318583_box1_f11?f=5318583_box1_f11&pages=32,18,page-18,"montemar_transcripciones\html_por_pagina\13_5318583_box1_f11_Letter from Diego José, Fifth Count of Montemar to Marquis of Lara, (8_page_018.html","montemar_transcripciones\txt_por_pagina\13_5318583_box1_f11_Letter from Diego José, Fifth Count of Montemar to Marquis of Lara, (8_page_018.txt"
13,5318583_box1_f11,"Letter from Diego José, Fifth Count of Montemar to Marquis of Lara, (8/23/1763)",https://montemar.library.illinois.edu/Home/Letter/5318583_box1_f11?f=5318583_box1_f11&pages=32,19,page-19,"montemar_transcripciones\html_por_pagina\13_5318583_box1_f11_Letter from Diego José, Fifth Count of Montemar to Marquis of Lara, (8_page_019.html","montemar_transcripciones\txt_por_pagina\13_5318583_box1_f11_Letter from Diego José, Fifth Count of Montemar to Marquis of Lara, (8_page_019.txt"
13,5318583_box1_f11,"Letter from Diego José, Fifth Count of Montemar to Marquis of Lara, (8/23/1763)",https://montemar.library.illinois.edu/Home/Letter/5318583_box1_f11?f=5318583_box1_f11&pages=32,20,page-20,"montemar_transcripciones\html_por_pagina\13_5318583_box1_f11_Letter from Diego José, Fifth Count of Montemar to Marquis of Lara, (8_page_020.html","montemar_transcripciones\txt_por_pagina\13_5318583_box1_f11_Letter from Diego José, Fifth Count of Montemar to Marquis of Lara, (8_page_020.txt"
13,5318583_box1_f11,"Letter from Diego José, Fifth Count of Montemar to Marquis of Lara, (8/23/1763)",https://montemar.library.illinois.edu/Home/Letter/5318583_box1_f11?f=5318583_box1_f11&pages=32,21,page-21,"montemar_transcripciones\html_por_pagina\13_5318583_box1_f11_Letter from Diego José, Fifth Count of Montemar to Marquis of Lara, (8_page_021.html","montemar_transcripciones\txt_por_pagina\13_5318583_box1_f11_Letter from Diego José, Fifth Count of Montemar to Marquis of Lara, (8_page_021.txt"
13,5318583_box1_f11,"Letter from Diego José, Fifth Count of Montemar to Marquis of Lara, (8/23/1763)",https://montemar.library.illinois.edu/Home/Letter/5318583_box1_f11?f=5318583_box1_f11&pages=32,22,page-22,"montemar_transcripciones\html_por_pagina\13_5318583_box1_f11_Letter from Diego José, Fifth Count of Montemar to Marquis of Lara, (8_page_022.html","montemar_transcripciones\txt_por_pagina\13_5318583_box1_f11_Letter from Diego José, Fifth Count of Montemar to Marquis of Lara, (8_page_022.txt"
13,5318583_box1_f11,"Letter from Diego José, Fifth Count of Montemar to Marquis of Lara, (8/23/1763)",https://montemar.library.illinois.edu/Home/Letter/5318583_box1_f11?f=5318583_box1_f11&pages=32,23,page-23,"montemar_transcripciones\html_por_pagina\13_5318583_box1_f11_Letter from Diego José, Fifth Count of Montemar to Marquis of Lara, (8_page_023.html","montemar_transcripciones\txt_por_pagina\13_5318583_box1_f11_Letter from Diego José, Fifth Count of Montemar to Marquis of Lara, (8_page_023.txt"
13,5318583_box1_f11,"Letter from Diego José, Fifth Count of Montemar to Marquis of Lara, (8/23/1763)",https://montemar.library.illinois.edu/Home/Letter/5318583_box1_f11?f=5318583_box1_f11&pages=32,24,page-24,"montemar_transcripciones\html_por_pagina\13_5318583_box1_f11_Letter from Diego José, Fifth Count of Montemar to Marquis of Lara, (8_page_024.html","montemar_transcripciones\txt_por_pagina\13_5318583_box1_f11_Letter from Diego José, Fifth Count of Montemar to Marquis of Lara, (8_page_024.txt"
13,5318583_box1_f11,"Letter from Diego José, Fifth Count of Montemar to Marquis of Lara, (8/23/1763)",https://montemar.library.illinois.edu/Home/Letter/5318583_box1_f11?f=5318583_box1_f11&pages=32,25,page-25,"montemar_transcripciones\html_por_pagina\13_5318583_box1_f11_Letter from Diego José, Fifth Count of Montemar to Marquis of Lara, (8_page_025.html","montemar_transcripciones\txt_por_pagina\13_5318583_box1_f11_Letter from Diego José, Fifth Count of Montemar to Marquis of Lara, (8_page_025.txt"
13,5318583_box1_f11,"Letter from Diego José, Fifth Count of Montemar to Marquis of Lara, (8/23/1763)",https://montemar.library.illinois.edu/Home/Letter/5318583_box1_f11?f=5318583_box1_f11&pages=32,26,page-26,"montemar_transcripciones\html_por_pagina\13_5318583_box1_f11_Letter from Diego José, Fifth Count of Montemar to Marquis of Lara, (8_page_026.html","montemar_transcripciones\txt_por_pagina\13_5318583_box1_f11_Letter from Diego José, Fifth Count of Montemar to Marquis of Lara, (8_page_026.txt"
13,5318583_box1_f11,"Letter from Diego José, Fifth Count of Montemar to Marquis of Lara, (8/23/1763)",https://montemar.library.illinois.edu/Home/Letter/5318583_box1_f11?f=5318583_box1_f11&pages=32,27,page-27,"montemar_transcripciones\html_por_pagina\13_5318583_box1_f11_Letter from Diego José, Fifth Count of Montemar to Marquis of Lara, (8_page_027.html","montemar_transcripciones\txt_por_pagina\13_5318583_box1_f11_Letter from Diego José, Fifth Count of Montemar to Marquis of Lara, (8_page_027.txt"
13,5318583_box1_f11,"Letter from Diego José, Fifth Count of Montemar to Marquis of Lara, (8/23/1763)",https://montemar.library.illinois.edu/Home/Letter/5318583_box1_f11?f=5318583_box1_f11&pages=32,28,page-28,"montemar_transcripciones\html_por_pagina\13_5318583_box1_f11_Letter from Diego José, Fifth Count of Montemar to Marquis of Lara, (8_page_028.html","montemar_transcripciones\txt_por_pagina\13_5318583_box1_f11_Letter from Diego José, Fifth Count of Montemar to Marquis of Lara, (8_page_028.txt"
13,5318583_box1_f11,"Letter from Diego José, Fifth Count of Montemar to Marquis of Lara, (8/23/1763)",https://montemar.library.illinois.edu/Home/Letter/5318583_box1_f11?f=5318583_box1_f11&pages=32,29,page-29,"montemar_transcripciones\html_por_pagina\13_5318583_box1_f11_Letter from Diego José, Fifth Count of Montemar to Marquis of Lara, (8_page_029.html","montemar_transcripciones\txt_por_pagina\13_5318583_box1_f11_Letter from Diego José, Fifth Count of Montemar to Marquis of Lara, (8_page_029.txt"
13,5318583_box1_f11,"Letter from Diego José, Fifth Count of Montemar to Marquis of Lara, (8/23/1763)",https://montemar.library.illinois.edu/Home/Letter/5318583_box1_f11?f=5318583_box1_f11&pages=32,30,page-30,"montemar_transcripciones\html_por_pagina\13_5318583_box1_f11_Letter from Diego José, Fifth Count of Montemar to Marquis of Lara, (8_page_030.html","montemar_transcripciones\txt_por_pagina\13_5318583_box1_f11_Letter from Diego José, Fifth Count of Montemar to Marquis of Lara, (8_page_030.txt"
13,5318583_box1_f11,"Letter from Diego José, Fifth Count of Montemar to Marquis of Lara, (8/23/1763)",https://montemar.library.illinois.edu/Home/Letter/5318583_box1_f11?f=5318583_box1_f11&pages=32,31,page-31,"montemar_transcripciones\html_por_pagina\13_5318583_box1_f11_Letter from Diego José, Fifth Count of Montemar to Marquis of Lara, (8_page_031.html","montemar_transcripciones\txt_por_pagina\13_5318583_box1_f11_Letter from Diego José, Fifth Count of Montemar to Marquis of Lara, (8_page_031.txt"
13,5318583_box1_f11,"Letter from Diego José, Fifth Count of Montemar to Marquis of Lara, (8/23/1763)",https://montemar.library.illinois.edu/Home/Letter/5318583_box1_f11?f=5318583_box1_f11&pages=32,32,page-32,"montemar_transcripciones\html_por_pagina\13_5318583_box1_f11_Letter from Diego José, Fifth Count of Montemar to Marquis of Lara, (8_page_032.html","montemar_transcripciones\txt_por_pagina\13_5318583_box1_f11_Letter from Diego José, Fifth Count of Montemar to Marquis of Lara, (8_page_032.txt"
14,5318583_box1_f12,"Letter from Diego José, Fifth Count of Montemar to Christobal Mesia y Munive, Count of Sierrabella (8/23/1763)",https://montemar.library.illinois.edu/Home/Letter/5318583_box1_f12?f=5318583_box1_f12&pages=8,1,page-1,"montemar_transcripciones\html_por_pagina\14_5318583_box1_f12_Letter from Diego José, Fifth Count of Montemar to Christobal Mesia y_page_001.html","montemar_transcripciones\txt_por_pagina\14_5318583_box1_f12_Letter from Diego José, Fifth Count of Montemar to Christobal Mesia y_page_001.txt"
14,5318583_box1_f12,"Letter from Diego José, Fifth Count of Montemar to Christobal Mesia y Munive, Count of Sierrabella (8/23/1763)",https://montemar.library.illinois.edu/Home/Letter/5318583_box1_f12?f=5318583_box1_f12&pages=8,2,page-2,"montemar_transcripciones\html_por_pagina\14_5318583_box1_f12_Letter from Diego José, Fifth Count of Montemar to Christobal Mesia y_page_002.html","montemar_transcripciones\txt_por_pagina\14_5318583_box1_f12_Letter from Diego José, Fifth Count of Montemar to Christobal Mesia y_page_002.txt"
14,5318583_box1_f12,"Letter from Diego José, Fifth Count of Montemar to Christobal Mesia y Munive, Count of Sierrabella (8/23/1763)",https://montemar.library.illinois.edu/Home/Letter/5318583_box1_f12?f=5318583_box1_f12&pages=8,3,page-3,"montemar_transcripciones\html_por_pagina\14_5318583_box1_f12_Letter from Diego José, Fifth Count of Montemar to Christobal Mesia y_page_003.html","montemar_transcripciones\txt_por_pagina\14_5318583_box1_f12_Letter from Diego José, Fifth Count of Montemar to Christobal Mesia y_page_003.txt"
14,5318583_box1_f12,"Letter from Diego José, Fifth Count of Montemar to Christobal Mesia y Munive, Count of Sierrabella (8/23/1763)",https://montemar.library.illinois.edu/Home/Letter/5318583_box1_f12?f=5318583_box1_f12&pages=8,4,page-4,"montemar_transcripciones\html_por_pagina\14_5318583_box1_f12_Letter from Diego José, Fifth Count of Montemar to Christobal Mesia y_page_004.html","montemar_transcripciones\txt_por_pagina\14_5318583_box1_f12_Letter from Diego José, Fifth Count of Montemar to Christobal Mesia y_page_004.txt"
14,5318583_box1_f12,"Letter from Diego José, Fifth Count of Montemar to Christobal Mesia y Munive, Count of Sierrabella (8/23/1763)",https://montemar.library.illinois.edu/Home/Letter/5318583_box1_f12?f=5318583_box1_f12&pages=8,5,page-5,"montemar_transcripciones\html_por_pagina\14_5318583_box1_f12_Letter from Diego José, Fifth Count of Montemar to Christobal Mesia y_page_005.html","montemar_transcripciones\txt_por_pagina\14_5318583_box1_f12_Letter from Diego José, Fifth Count of Montemar to Christobal Mesia y_page_005.txt"
14,5318583_box1_f12,"Letter from Diego José, Fifth Count of Montemar to Christobal Mesia y Munive, Count of Sierrabella (8/23/1763)",https://montemar.library.illinois.edu/Home/Letter/5318583_box1_f12?f=5318583_box1_f12&pages=8,6,page-6,"montemar_transcripciones\html_por_pagina\14_5318583_box1_f12_Letter from Diego José, Fifth Count of Montemar to Christobal Mesia y_page_006.html","montemar_transcripciones\txt_por_pagina\14_5318583_box1_f12_Letter from Diego José, Fifth Count of Montemar to Christobal Mesia y_page_006.txt"
14,5318583_box1_f12,"Letter from Diego José, Fifth Count of Montemar to Christobal Mesia y Munive, Count of Sierrabella (8/23/1763)",https://montemar.library.illinois.edu/Home/Letter/5318583_box1_f12?f=5318583_box1_f12&pages=8,7,page-7,"montemar_transcripciones\html_por_pagina\14_5318583_box1_f12_Letter from Diego José, Fifth Count of Montemar to Christobal Mesia y_page_007.html","montemar_transcripciones\txt_por_pagina\14_5318583_box1_f12_Letter from Diego José, Fifth Count of Montemar to Christobal Mesia y_page_007.txt"
14,5318583_box1_f12,"Letter from Diego José, Fifth Count of Montemar to Christobal Mesia y Munive, Count of Sierrabella (8/23/1763)",https://montemar.library.illinois.edu/Home/Letter/5318583_box1_f12?f=5318583_box1_f12&pages=8,8,page-8,"montemar_transcripciones\html_por_pagina\14_5318583_box1_f12_Letter from Diego José, Fifth Count of Montemar to Christobal Mesia y_page_008.html","montemar_transcripciones\txt_por_pagina\14_5318583_box1_f12_Letter from Diego José, Fifth Count of Montemar to Christobal Mesia y_page_008.txt"
15,5318583_box1_f13,"Letter from Diego José, Fifth Count of Montemar to Marquis of Lara (12/6/1763)",https://montemar.library.illinois.edu/Home/Letter/5318583_box1_f13?f=5318583_box1_f13&pages=16,1,page-1,"montemar_transcripciones\html_por_pagina\15_5318583_box1_f13_Letter from Diego José, Fifth Count of Montemar to Marquis of Lara (12_page_001.html","montemar_transcripciones\txt_por_pagina\15_5318583_box1_f13_Letter from Diego José, Fifth Count of Montemar to Marquis of Lara (12_page_001.txt"
15,5318583_box1_f13,"Letter from Diego José, Fifth Count of Montemar to Marquis of Lara (12/6/1763)",https://montemar.library.illinois.edu/Home/Letter/5318583_box1_f13?f=5318583_box1_f13&pages=16,2,page-2,"montemar_transcripciones\html_por_pagina\15_5318583_box1_f13_Letter from Diego José, Fifth Count of Montemar to Marquis of Lara (12_page_002.html","montemar_transcripciones\txt_por_pagina\15_5318583_box1_f13_Letter from Diego José, Fifth Count of Montemar to Marquis of Lara (12_page_002.txt"
15,5318583_box1_f13,"Letter from Diego José, Fifth Count of Montemar to Marquis of Lara (12/6/1763)",https://montemar.library.illinois.edu/Home/Letter/5318583_box1_f13?f=5318583_box1_f13&pages=16,3,page-3,"montemar_transcripciones\html_por_pagina\15_5318583_box1_f13_Letter from Diego José, Fifth Count of Montemar to Marquis of Lara (12_page_003.html","montemar_transcripciones\txt_por_pagina\15_5318583_box1_f13_Letter from Diego José, Fifth Count of Montemar to Marquis of Lara (12_page_003.txt"
15,5318583_box1_f13,"Letter from Diego José, Fifth Count of Montemar to Marquis of Lara (12/6/1763)",https://montemar.library.illinois.edu/Home/Letter/5318583_box1_f13?f=5318583_box1_f13&pages=16,4,page-4,"montemar_transcripciones\html_por_pagina\15_5318583_box1_f13_Letter from Diego José, Fifth Count of Montemar to Marquis of Lara (12_page_004.html","montemar_transcripciones\txt_por_pagina\15_5318583_box1_f13_Letter from Diego José, Fifth Count of Montemar to Marquis of Lara (12_page_004.txt"
15,5318583_box1_f13,"Letter from Diego José, Fifth Count of Montemar to Marquis of Lara (12/6/1763)",https://montemar.library.illinois.edu/Home/Letter/5318583_box1_f13?f=5318583_box1_f13&pages=16,5,page-5,"montemar_transcripciones\html_por_pagina\15_5318583_box1_f13_Letter from Diego José, Fifth Count of Montemar to Marquis of Lara (12_page_005.html","montemar_transcripciones\txt_por_pagina\15_5318583_box1_f13_Letter from Diego José, Fifth Count of Montemar to Marquis of Lara (12_page_005.txt"
15,5318583_box1_f13,"Letter from Diego José, Fifth Count of Montemar to Marquis of Lara (12/6/1763)",https://montemar.library.illinois.edu/Home/Letter/5318583_box1_f13?f=5318583_box1_f13&pages=16,6,page-6,"montemar_transcripciones\html_por_pagina\15_5318583_box1_f13_Letter from Diego José, Fifth Count of Montemar to Marquis of Lara (12_page_006.html","montemar_transcripciones\txt_por_pagina\15_5318583_box1_f13_Letter from Diego José, Fifth Count of Montemar to Marquis of Lara (12_page_006.txt"
15,5318583_box1_f13,"Letter from Diego José, Fifth Count of Montemar to Marquis of Lara (12/6/1763)",https://montemar.library.illinois.edu/Home/Letter/5318583_box1_f13?f=5318583_box1_f13&pages=16,7,page-7,"montemar_transcripciones\html_por_pagina\15_5318583_box1_f13_Letter from Diego José, Fifth Count of Montemar to Marquis of Lara (12_page_007.html","montemar_transcripciones\txt_por_pagina\15_5318583_box1_f13_Letter from Diego José, Fifth Count of Montemar to Marquis of Lara (12_page_007.txt"
15,5318583_box1_f13,"Letter from Diego José, Fifth Count of Montemar to Marquis of Lara (12/6/1763)",https://montemar.library.illinois.edu/Home/Letter/5318583_box1_f13?f=5318583_box1_f13&pages=16,8,page-8,"montemar_transcripciones\html_por_pagina\15_5318583_box1_f13_Letter from Diego José, Fifth Count of Montemar to Marquis of Lara (12_page_008.html","montemar_transcripciones\txt_por_pagina\15_5318583_box1_f13_Letter from Diego José, Fifth Count of Montemar to Marquis of Lara (12_page_008.txt"
15,5318583_box1_f13,"Letter from Diego José, Fifth Count of Montemar to Marquis of Lara (12/6/1763)",https://montemar.library.illinois.edu/Home/Letter/5318583_box1_f13?f=5318583_box1_f13&pages=16,9,page-9,"montemar_transcripciones\html_por_pagina\15_5318583_box1_f13_Letter from Diego José, Fifth Count of Montemar to Marquis of Lara (12_page_009.html","montemar_transcripciones\txt_por_pagina\15_5318583_box1_f13_Letter from Diego José, Fifth Count of Montemar to Marquis of Lara (12_page_009.txt"
15,5318583_box1_f13,"Letter from Diego José, Fifth Count of Montemar to Marquis of Lara (12/6/1763)",https://montemar.library.illinois.edu/Home/Letter/5318583_box1_f13?f=5318583_box1_f13&pages=16,10,page-10,"montemar_transcripciones\html_por_pagina\15_5318583_box1_f13_Letter from Diego José, Fifth Count of Montemar to Marquis of Lara (12_page_010.html","montemar_transcripciones\txt_por_pagina\15_5318583_box1_f13_Letter from Diego José, Fifth Count of Montemar to Marquis of Lara (12_page_010.txt"
15,5318583_box1_f13,"Letter from Diego José, Fifth Count of Montemar to Marquis of Lara (12/6/1763)",https://montemar.library.illinois.edu/Home/Letter/5318583_box1_f13?f=5318583_box1_f13&pages=16,11,page-11,"montemar_transcripciones\html_por_pagina\15_5318583_box1_f13_Letter from Diego José, Fifth Count of Montemar to Marquis of Lara (12_page_011.html","montemar_transcripciones\txt_por_pagina\15_5318583_box1_f13_Letter from Diego José, Fifth Count of Montemar to Marquis of Lara (12_page_011.txt"
15,5318583_box1_f13,"Letter from Diego José, Fifth Count of Montemar to Marquis of Lara (12/6/1763)",https://montemar.library.illinois.edu/Home/Letter/5318583_box1_f13?f=5318583_box1_f13&pages=16,12,page-12,"montemar_transcripciones\html_por_pagina\15_5318583_box1_f13_Letter from Diego José, Fifth Count of Montemar to Marquis of Lara (12_page_012.html","montemar_transcripciones\txt_por_pagina\15_5318583_box1_f13_Letter from Diego José, Fifth Count of Montemar to Marquis of Lara (12_page_012.txt"
15,5318583_box1_f13,"Letter from Diego José, Fifth Count of Montemar to Marquis of Lara (12/6/1763)",https://montemar.library.illinois.edu/Home/Letter/5318583_box1_f13?f=5318583_box1_f13&pages=16,13,page-13,"montemar_transcripciones\html_por_pagina\15_5318583_box1_f13_Letter from Diego José, Fifth Count of Montemar to Marquis of Lara (12_page_013.html","montemar_transcripciones\txt_por_pagina\15_5318583_box1_f13_Letter from Diego José, Fifth Count of Montemar to Marquis of Lara (12_page_013.txt"
15,5318583_box1_f13,"Letter from Diego José, Fifth Count of Montemar to Marquis of Lara (12/6/1763)",https://montemar.library.illinois.edu/Home/Letter/5318583_box1_f13?f=5318583_box1_f13&pages=16,14,page-14,"montemar_transcripciones\html_por_pagina\15_5318583_box1_f13_Letter from Diego José, Fifth Count of Montemar to Marquis of Lara (12_page_014.html","montemar_transcripciones\txt_por_pagina\15_5318583_box1_f13_Letter from Diego José, Fifth Count of Montemar to Marquis of Lara (12_page_014.txt"
15,5318583_box1_f13,"Letter from Diego José, Fifth Count of Montemar to Marquis of Lara (12/6/1763)",https://montemar.library.illinois.edu/Home/Letter/5318583_box1_f13?f=5318583_box1_f13&pages=16,15,page-15,"montemar_transcripciones\html_por_pagina\15_5318583_box1_f13_Letter from Diego José, Fifth Count of Montemar to Marquis of Lara (12_page_015.html","montemar_transcripciones\txt_por_pagina\15_5318583_box1_f13_Letter from Diego José, Fifth Count of Montemar to Marquis of Lara (12_page_015.txt"
15,5318583_box1_f13,"Letter from Diego José, Fifth Count of Montemar to Marquis of Lara (12/6/1763)",https://montemar.library.illinois.edu/Home/Letter/5318583_box1_f13?f=5318583_box1_f13&pages=16,16,page-16,"montemar_transcripciones\html_por_pagina\15_5318583_box1_f13_Letter from Diego José, Fifth Count of Montemar to Marquis of Lara (12_page_016.html","montemar_transcripciones\txt_por_pagina\15_5318583_box1_f13_Letter from Diego José, Fifth Count of Montemar to Marquis of Lara (12_page_016.txt"
16,5318583_box1_f14,"Letter from Diego José, Fifth Count of Montemar to unkown (12/13/1763)",https://montemar.library.illinois.edu/Home/Letter/5318583_box1_f14?f=5318583_box1_f14&pages=14,1,page-1,"montemar_transcripciones\html_por_pagina\16_5318583_box1_f14_Letter from Diego José, Fifth Count of Montemar to unkown (12_13_1763)_page_001.html","montemar_transcripciones\txt_por_pagina\16_5318583_box1_f14_Letter from Diego José, Fifth Count of Montemar to unkown (12_13_1763)_page_001.txt"
16,5318583_box1_f14,"Letter from Diego José, Fifth Count of Montemar to unkown (12/13/1763)",https://montemar.library.illinois.edu/Home/Letter/5318583_box1_f14?f=5318583_box1_f14&pages=14,2,page-2,"montemar_transcripciones\html_por_pagina\16_5318583_box1_f14_Letter from Diego José, Fifth Count of Montemar to unkown (12_13_1763)_page_002.html","montemar_transcripciones\txt_por_pagina\16_5318583_box1_f14_Letter from Diego José, Fifth Count of Montemar to unkown (12_13_1763)_page_002.txt"
16,5318583_box1_f14,"Letter from Diego José, Fifth Count of Montemar to unkown (12/13/1763)",https://montemar.library.illinois.edu/Home/Letter/5318583_box1_f14?f=5318583_box1_f14&pages=14,3,page-3,"montemar_transcripciones\html_por_pagina\16_5318583_box1_f14_Letter from Diego José, Fifth Count of Montemar to unkown (12_13_1763)_page_003.html","montemar_transcripciones\txt_por_pagina\16_5318583_box1_f14_Letter from Diego José, Fifth Count of Montemar to unkown (12_13_1763)_page_003.txt"
16,5318583_box1_f14,"Letter from Diego José, Fifth Count of Montemar to unkown (12/13/1763)",https://montemar.library.illinois.edu/Home/Letter/5318583_box1_f14?f=5318583_box1_f14&pages=14,4,page-4,"montemar_transcripciones\html_por_pagina\16_5318583_box1_f14_Letter from Diego José, Fifth Count of Montemar to unkown (12_13_1763)_page_004.html","montemar_transcripciones\txt_por_pagina\16_5318583_box1_f14_Letter from Diego José, Fifth Count of Montemar to unkown (12_13_1763)_page_004.txt"
16,5318583_box1_f14,"Letter from Diego José, Fifth Count of Montemar to unkown (12/13/1763)",https://montemar.library.illinois.edu/Home/Letter/5318583_box1_f14?f=5318583_box1_f14&pages=14,5,page-5,"montemar_transcripciones\html_por_pagina\16_5318583_box1_f14_Letter from Diego José, Fifth Count of Montemar to unkown (12_13_1763)_page_005.html","montemar_transcripciones\txt_por_pagina\16_5318583_box1_f14_Letter from Diego José, Fifth Count of Montemar to unkown (12_13_1763)_page_005.txt"
16,5318583_box1_f14,"Letter from Diego José, Fifth Count of Montemar to unkown (12/13/1763)",https://montemar.library.illinois.edu/Home/Letter/5318583_box1_f14?f=5318583_box1_f14&pages=14,6,page-6,"montemar_transcripciones\html_por_pagina\16_5318583_box1_f14_Letter from Diego José, Fifth Count of Montemar to unkown (12_13_1763)_page_006.html","montemar_transcripciones\txt_por_pagina\16_5318583_box1_f14_Letter from Diego José, Fifth Count of Montemar to unkown (12_13_1763)_page_006.txt"
16,5318583_box1_f14,"Letter from Diego José, Fifth Count of Montemar to unkown (12/13/1763)",https://montemar.library.illinois.edu/Home/Letter/5318583_box1_f14?f=5318583_box1_f14&pages=14,7,page-7,"montemar_transcripciones\html_por_pagina\16_5318583_box1_f14_Letter from Diego José, Fifth Count of Montemar to unkown (12_13_1763)_page_007.html","montemar_transcripciones\txt_por_pagina\16_5318583_box1_f14_Letter from Diego José, Fifth Count of Montemar to unkown (12_13_1763)_page_007.txt"
16,5318583_box1_f14,"Letter from Diego José, Fifth Count of Montemar to unkown (12/13/1763)",https://montemar.library.illinois.edu/Home/Letter/5318583_box1_f14?f=5318583_box1_f14&pages=14,8,page-8,"montemar_transcripciones\html_por_pagina\16_5318583_box1_f14_Letter from Diego José, Fifth Count of Montemar to unkown (12_13_1763)_page_008.html","montemar_transcripciones\txt_por_pagina\16_5318583_box1_f14_Letter from Diego José, Fifth Count of Montemar to unkown (12_13_1763)_page_008.txt"
16,5318583_box1_f14,"Letter from Diego José, Fifth Count of Montemar to unkown (12/13/1763)",https://montemar.library.illinois.edu/Home/Letter/5318583_box1_f14?f=5318583_box1_f14&pages=14,9,page-9,"montemar_transcripciones\html_por_pagina\16_5318583_box1_f14_Letter from Diego José, Fifth Count of Montemar to unkown (12_13_1763)_page_009.html","montemar_transcripciones\txt_por_pagina\16_5318583_box1_f14_Letter from Diego José, Fifth Count of Montemar to unkown (12_13_1763)_page_009.txt"
16,5318583_box1_f14,"Letter from Diego José, Fifth Count of Montemar to unkown (12/13/1763)",https://montemar.library.illinois.edu/Home/Letter/5318583_box1_f14?f=5318583_box1_f14&pages=14,10,page-10,"montemar_transcripciones\html_por_pagina\16_5318583_box1_f14_Letter from Diego José, Fifth Count of Montemar to unkown (12_13_1763)_page_010.html","montemar_transcripciones\txt_por_pagina\16_5318583_box1_f14_Letter from Diego José, Fifth Count of Montemar to unkown (12_13_1763)_page_010.txt"
16,5318583_box1_f14,"Letter from Diego José, Fifth Count of Montemar to unkown (12/13/1763)",https://montemar.library.illinois.edu/Home/Letter/5318583_box1_f14?f=5318583_box1_f14&pages=14,11,page-11,"montemar_transcripciones\html_por_pagina\16_5318583_box1_f14_Letter from Diego José, Fifth Count of Montemar to unkown (12_13_1763)_page_011.html","montemar_transcripciones\txt_por_pagina\16_5318583_box1_f14_Letter from Diego José, Fifth Count of Montemar to unkown (12_13_1763)_page_011.txt"
16,5318583_box1_f14,"Letter from Diego José, Fifth Count of Montemar to unkown (12/13/1763)",https://montemar.library.illinois.edu/Home/Letter/5318583_box1_f14?f=5318583_box1_f14&pages=14,12,page-12,"montemar_transcripciones\html_por_pagina\16_5318583_box1_f14_Letter from Diego José, Fifth Count of Montemar to unkown (12_13_1763)_page_012.html","montemar_transcripciones\txt_por_pagina\16_5318583_box1_f14_Letter from Diego José, Fifth Count of Montemar to unkown (12_13_1763)_page_012.txt"
16,5318583_box1_f14,"Letter from Diego José, Fifth Count of Montemar to unkown (12/13/1763)",https://montemar.library.illinois.edu/Home/Letter/5318583_box1_f14?f=5318583_box1_f14&pages=14,13,page-13,"montemar_transcripciones\html_por_pagina\16_5318583_box1_f14_Letter from Diego José, Fifth Count of Montemar to unkown (12_13_1763)_page_013.html","montemar_transcripciones\txt_por_pagina\16_5318583_box1_f14_Letter from Diego José, Fifth Count of Montemar to unkown (12_13_1763)_page_013.txt"
16,5318583_box1_f14,"Letter from Diego José, Fifth Count of Montemar to unkown (12/13/1763)",https://montemar.library.illinois.edu/Home/Letter/5318583_box1_f14?f=5318583_box1_f14&pages=14,14,page-14,"montemar_transcripciones\html_por_pagina\16_5318583_box1_f14_Letter from Diego José, Fifth Count of Montemar to unkown (12_13_1763)_page_014.html","montemar_transcripciones\txt_por_pagina\16_5318583_box1_f14_Letter from Diego José, Fifth Count of Montemar to unkown (12_13_1763)_page_014.txt"
17,5318583_box1_f15,Letter from Marquis of Lara to Mathias de la Vega (12/29/1763),https://montemar.library.illinois.edu/Home/Letter/5318583_box1_f15?f=5318583_box1_f15&pages=4,1,page-1,montemar_transcripciones\html_por_pagina\17_5318583_box1_f15_Letter from Marquis of Lara to Mathias de la Vega (12_29_1763)_page_001.html,montemar_transcripciones\txt_por_pagina\17_5318583_box1_f15_Letter from Marquis of Lara to Mathias de la Vega (12_29_1763)_page_001.txt
17,5318583_box1_f15,Letter from Marquis of Lara to Mathias de la Vega (12/29/1763),https://montemar.library.illinois.edu/Home/Letter/5318583_box1_f15?f=5318583_box1_f15&pages=4,2,page-2,montemar_transcripciones\html_por_pagina\17_5318583_box1_f15_Letter from Marquis of Lara to Mathias de la Vega (12_29_1763)_page_002.html,montemar_transcripciones\txt_por_pagina\17_5318583_box1_f15_Letter from Marquis of Lara to Mathias de la Vega (12_29_1763)_page_002.txt
17,5318583_box1_f15,Letter from Marquis of Lara to Mathias de la Vega (12/29/1763),https://montemar.library.illinois.edu/Home/Letter/5318583_box1_f15?f=5318583_box1_f15&pages=4,3,page-3,montemar_transcripciones\html_por_pagina\17_5318583_box1_f15_Letter from Marquis of Lara to Mathias de la Vega (12_29_1763)_page_003.html,montemar_transcripciones\txt_por_pagina\17_5318583_box1_f15_Letter from Marquis of Lara to Mathias de la Vega (12_29_1763)_page_003.txt
17,5318583_box1_f15,Letter from Marquis of Lara to Mathias de la Vega (12/29/1763),https://montemar.library.illinois.edu/Home/Letter/5318583_box1_f15?f=5318583_box1_f15&pages=4,4,page-4,montemar_transcripciones\html_por_pagina\17_5318583_box1_f15_Letter from Marquis of Lara to Mathias de la Vega (12_29_1763)_page_004.html,montemar_transcripciones\txt_por_pagina\17_5318583_box1_f15_Letter from Marquis of Lara to Mathias de la Vega (12_29_1763)_page_004.txt
18,5318583_box1_f16,"Letter from Diego José, Fifth Count of Montemar to Count of Castillejo (7/24/1764)",https://montemar.library.illinois.edu/Home/Letter/5318583_box1_f16?f=5318583_box1_f16&pages=10,1,page-1,"montemar_transcripciones\html_por_pagina\18_5318583_box1_f16_Letter from Diego José, Fifth Count of Montemar to Count of Castillejo_page_001.html","montemar_transcripciones\txt_por_pagina\18_5318583_box1_f16_Letter from Diego José, Fifth Count of Montemar to Count of Castillejo_page_001.txt"
18,5318583_box1_f16,"Letter from Diego José, Fifth Count of Montemar to Count of Castillejo (7/24/1764)",https://montemar.library.illinois.edu/Home/Letter/5318583_box1_f16?f=5318583_box1_f16&pages=10,2,page-2,"montemar_transcripciones\html_por_pagina\18_5318583_box1_f16_Letter from Diego José, Fifth Count of Montemar to Count of Castillejo_page_002.html","montemar_transcripciones\txt_por_pagina\18_5318583_box1_f16_Letter from Diego José, Fifth Count of Montemar to Count of Castillejo_page_002.txt"
18,5318583_box1_f16,"Letter from Diego José, Fifth Count of Montemar to Count of Castillejo (7/24/1764)",https://montemar.library.illinois.edu/Home/Letter/5318583_box1_f16?f=5318583_box1_f16&pages=10,3,page-3,"montemar_transcripciones\html_por_pagina\18_5318583_box1_f16_Letter from Diego José, Fifth Count of Montemar to Count of Castillejo_page_003.html","montemar_transcripciones\txt_por_pagina\18_5318583_box1_f16_Letter from Diego José, Fifth Count of Montemar to Count of Castillejo_page_003.txt"
18,5318583_box1_f16,"Letter from Diego José, Fifth Count of Montemar to Count of Castillejo (7/24/1764)",https://montemar.library.illinois.edu/Home/Letter/5318583_box1_f16?f=5318583_box1_f16&pages=10,4,page-4,"montemar_transcripciones\html_por_pagina\18_5318583_box1_f16_Letter from Diego José, Fifth Count of Montemar to Count of Castillejo_page_004.html","montemar_transcripciones\txt_por_pagina\18_5318583_box1_f16_Letter from Diego José, Fifth Count of Montemar to Count of Castillejo_page_004.txt"
18,5318583_box1_f16,"Letter from Diego José, Fifth Count of Montemar to Count of Castillejo (7/24/1764)",https://montemar.library.illinois.edu/Home/Letter/5318583_box1_f16?f=5318583_box1_f16&pages=10,5,page-5,"montemar_transcripciones\html_por_pagina\18_5318583_box1_f16_Letter from Diego José, Fifth Count of Montemar to Count of Castillejo_page_005.html","montemar_transcripciones\txt_por_pagina\18_5318583_box1_f16_Letter from Diego José, Fifth Count of Montemar to Count of Castillejo_page_005.txt"
18,5318583_box1_f16,"Letter from Diego José, Fifth Count of Montemar to Count of Castillejo (7/24/1764)",https://montemar.library.illinois.edu/Home/Letter/5318583_box1_f16?f=5318583_box1_f16&pages=10,6,page-6,"montemar_transcripciones\html_por_pagina\18_5318583_box1_f16_Letter from Diego José, Fifth Count of Montemar to Count of Castillejo_page_006.html","montemar_transcripciones\txt_por_pagina\18_5318583_box1_f16_Letter from Diego José, Fifth Count of Montemar to Count of Castillejo_page_006.txt"
18,5318583_box1_f16,"Letter from Diego José, Fifth Count of Montemar to Count of Castillejo (7/24/1764)",https://montemar.library.illinois.edu/Home/Letter/5318583_box1_f16?f=5318583_box1_f16&pages=10,7,page-7,"montemar_transcripciones\html_por_pagina\18_5318583_box1_f16_Letter from Diego José, Fifth Count of Montemar to Count of Castillejo_page_007.html","montemar_transcripciones\txt_por_pagina\18_5318583_box1_f16_Letter from Diego José, Fifth Count of Montemar to Count of Castillejo_page_007.txt"
18,5318583_box1_f16,"Letter from Diego José, Fifth Count of Montemar to Count of Castillejo (7/24/1764)",https://montemar.library.illinois.edu/Home/Letter/5318583_box1_f16?f=5318583_box1_f16&pages=10,8,page-8,"montemar_transcripciones\html_por_pagina\18_5318583_box1_f16_Letter from Diego José, Fifth Count of Montemar to Count of Castillejo_page_008.html","montemar_transcripciones\txt_por_pagina\18_5318583_box1_f16_Letter from Diego José, Fifth Count of Montemar to Count of Castillejo_page_008.txt"
18,5318583_box1_f16,"Letter from Diego José, Fifth Count of Montemar to Count of Castillejo (7/24/1764)",https://montemar.library.illinois.edu/Home/Letter/5318583_box1_f16?f=5318583_box1_f16&pages=10,9,page-9,"montemar_transcripciones\html_por_pagina\18_5318583_box1_f16_Letter from Diego José, Fifth Count of Montemar to Count of Castillejo_page_009.html","montemar_transcripciones\txt_por_pagina\18_5318583_box1_f16_Letter from Diego José, Fifth Count of Montemar to Count of Castillejo_page_009.txt"
18,5318583_box1_f16,"Letter from Diego José, Fifth Count of Montemar to Count of Castillejo (7/24/1764)",https://montemar.library.illinois.edu/Home/Letter/5318583_box1_f16?f=5318583_box1_f16&pages=10,10,page-10,"montemar_transcripciones\html_por_pagina\18_5318583_box1_f16_Letter from Diego José, Fifth Count of Montemar to Count of Castillejo_page_010.html","montemar_transcripciones\txt_por_pagina\18_5318583_box1_f16_Letter from Diego José, Fifth Count of Montemar to Count of Castillejo_page_010.txt"
19,5318583_box1_f17,"Letter from Diego José, Fifth Count of Montemar to Joseph Perfecto de Salas (10/24/1764)",https://montemar.library.illinois.edu/Home/Letter/5318583_box1_f17?f=5318583_box1_f17&pages=8,1,page-1,"montemar_transcripciones\html_por_pagina\19_5318583_box1_f17_Letter from Diego José, Fifth Count of Montemar to Joseph Perfecto de_page_001.html","montemar_transcripciones\txt_por_pagina\19_5318583_box1_f17_Letter from Diego José, Fifth Count of Montemar to Joseph Perfecto de_page_001.txt"
19,5318583_box1_f17,"Letter from Diego José, Fifth Count of Montemar to Joseph Perfecto de Salas (10/24/1764)",https://montemar.library.illinois.edu/Home/Letter/5318583_box1_f17?f=5318583_box1_f17&pages=8,2,page-2,"montemar_transcripciones\html_por_pagina\19_5318583_box1_f17_Letter from Diego José, Fifth Count of Montemar to Joseph Perfecto de_page_002.html","montemar_transcripciones\txt_por_pagina\19_5318583_box1_f17_Letter from Diego José, Fifth Count of Montemar to Joseph Perfecto de_page_002.txt"
19,5318583_box1_f17,"Letter from Diego José, Fifth Count of Montemar to Joseph Perfecto de Salas (10/24/1764)",https://montemar.library.illinois.edu/Home/Letter/5318583_box1_f17?f=5318583_box1_f17&pages=8,3,page-3,"montemar_transcripciones\html_por_pagina\19_5318583_box1_f17_Letter from Diego José, Fifth Count of Montemar to Joseph Perfecto de_page_003.html","montemar_transcripciones\txt_por_pagina\19_5318583_box1_f17_Letter from Diego José, Fifth Count of Montemar to Joseph Perfecto de_page_003.txt"
19,5318583_box1_f17,"Letter from Diego José, Fifth Count of Montemar to Joseph Perfecto de Salas (10/24/1764)",https://montemar.library.illinois.edu/Home/Letter/5318583_box1_f17?f=5318583_box1_f17&pages=8,4,page-4,"montemar_transcripciones\html_por_pagina\19_5318583_box1_f17_Letter from Diego José, Fifth Count of Montemar to Joseph Perfecto de_page_004.html","montemar_transcripciones\txt_por_pagina\19_5318583_box1_f17_Letter from Diego José, Fifth Count of Montemar to Joseph Perfecto de_page_004.txt"
19,5318583_box1_f17,"Letter from Diego José, Fifth Count of Montemar to Joseph Perfecto de Salas (10/24/1764)",https://montemar.library.illinois.edu/Home/Letter/5318583_box1_f17?f=5318583_box1_f17&pages=8,5,page-5,"montemar_transcripciones\html_por_pagina\19_5318583_box1_f17_Letter from Diego José, Fifth Count of Montemar to Joseph Perfecto de_page_005.html","montemar_transcripciones\txt_por_pagina\19_5318583_box1_f17_Letter from Diego José, Fifth Count of Montemar to Joseph Perfecto de_page_005.txt"
19,5318583_box1_f17,"Letter from Diego José, Fifth Count of Montemar to Joseph Perfecto de Salas (10/24/1764)",https://montemar.library.illinois.edu/Home/Letter/5318583_box1_f17?f=5318583_box1_f17&pages=8,6,page-6,"montemar_transcripciones\html_por_pagina\19_5318583_box1_f17_Letter from Diego José, Fifth Count of Montemar to Joseph Perfecto de_page_006.html","montemar_transcripciones\txt_por_pagina\19_5318583_box1_f17_Letter from Diego José, Fifth Count of Montemar to Joseph Perfecto de_page_006.txt"
19,5318583_box1_f17,"Letter from Diego José, Fifth Count of Montemar to Joseph Perfecto de Salas (10/24/1764)",https://montemar.library.illinois.edu/Home/Letter/5318583_box1_f17?f=5318583_box1_f17&pages=8,7,page-7,"montemar_transcripciones\html_por_pagina\19_5318583_box1_f17_Letter from Diego José, Fifth Count of Montemar to Joseph Perfecto de_page_007.html","montemar_transcripciones\txt_por_pagina\19_5318583_box1_f17_Letter from Diego José, Fifth Count of Montemar to Joseph Perfecto de_page_007.txt"
19,5318583_box1_f17,"Letter from Diego José, Fifth Count of Montemar to Joseph Perfecto de Salas (10/24/1764)",https://montemar.library.illinois.edu/Home/Letter/5318583_box1_f17?f=5318583_box1_f17&pages=8,8,page-8,"montemar_transcripciones\html_por_pagina\19_5318583_box1_f17_Letter from Diego José, Fifth Count of Montemar to Joseph Perfecto de_page_008.html","montemar_transcripciones\txt_por_pagina\19_5318583_box1_f17_Letter from Diego José, Fifth Count of Montemar to Joseph Perfecto de_page_008.txt"
20,5318583_box1_f18,"Letter from Pedro Carrillo de Albornoz y Bravo de Lagunas to Diego José, Fifth Count of Montemar (1/3/1765)",https://montemar.library.illinois.edu/Home/Letter/5318583_box1_f18?f=5318583_box1_f18&pages=8,1,page-1,montemar_transcripciones\html_por_pagina\20_5318583_box1_f18_Letter from Pedro Carrillo de Albornoz y Bravo de Lagunas to Diego Jos_page_001.html,montemar_transcripciones\txt_por_pagina\20_5318583_box1_f18_Letter from Pedro Carrillo de Albornoz y Bravo de Lagunas to Diego Jos_page_001.txt
20,5318583_box1_f18,"Letter from Pedro Carrillo de Albornoz y Bravo de Lagunas to Diego José, Fifth Count of Montemar (1/3/1765)",https://montemar.library.illinois.edu/Home/Letter/5318583_box1_f18?f=5318583_box1_f18&pages=8,2,page-2,montemar_transcripciones\html_por_pagina\20_5318583_box1_f18_Letter from Pedro Carrillo de Albornoz y Bravo de Lagunas to Diego Jos_page_002.html,montemar_transcripciones\txt_por_pagina\20_5318583_box1_f18_Letter from Pedro Carrillo de Albornoz y Bravo de Lagunas to Diego Jos_page_002.txt
20,5318583_box1_f18,"Letter from Pedro Carrillo de Albornoz y Bravo de Lagunas to Diego José, Fifth Count of Montemar (1/3/1765)",https://montemar.library.illinois.edu/Home/Letter/5318583_box1_f18?f=5318583_box1_f18&pages=8,3,page-3,montemar_transcripciones\html_por_pagina\20_5318583_box1_f18_Letter from Pedro Carrillo de Albornoz y Bravo de Lagunas to Diego Jos_page_003.html,montemar_transcripciones\txt_por_pagina\20_5318583_box1_f18_Letter from Pedro Carrillo de Albornoz y Bravo de Lagunas to Diego Jos_page_003.txt
20,5318583_box1_f18,"Letter from Pedro Carrillo de Albornoz y Bravo de Lagunas to Diego José, Fifth Count of Montemar (1/3/1765)",https://montemar.library.illinois.edu/Home/Letter/5318583_box1_f18?f=5318583_box1_f18&pages=8,4,page-4,montemar_transcripciones\html_por_pagina\20_5318583_box1_f18_Letter from Pedro Carrillo de Albornoz y Bravo de Lagunas to Diego Jos_page_004.html,montemar_transcripciones\txt_por_pagina\20_5318583_box1_f18_Letter from Pedro Carrillo de Albornoz y Bravo de Lagunas to Diego Jos_page_004.txt
20,5318583_box1_f18,"Letter from Pedro Carrillo de Albornoz y Bravo de Lagunas to Diego José, Fifth Count of Montemar (1/3/1765)",https://montemar.library.illinois.edu/Home/Letter/5318583_box1_f18?f=5318583_box1_f18&pages=8,5,page-5,montemar_transcripciones\html_por_pagina\20_5318583_box1_f18_Letter from Pedro Carrillo de Albornoz y Bravo de Lagunas to Diego Jos_page_005.html,montemar_transcripciones\txt_por_pagina\20_5318583_box1_f18_Letter from Pedro Carrillo de Albornoz y Bravo de Lagunas to Diego Jos_page_005.txt
20,5318583_box1_f18,"Letter from Pedro Carrillo de Albornoz y Bravo de Lagunas to Diego José, Fifth Count of Montemar (1/3/1765)",https://montemar.library.illinois.edu/Home/Letter/5318583_box1_f18?f=5318583_box1_f18&pages=8,6,page-6,montemar_transcripciones\html_por_pagina\20_5318583_box1_f18_Letter from Pedro Carrillo de Albornoz y Bravo de Lagunas to Diego Jos_page_006.html,montemar_transcripciones\txt_por_pagina\20_5318583_box1_f18_Letter from Pedro Carrillo de Albornoz y Bravo de Lagunas to Diego Jos_page_006.txt
20,5318583_box1_f18,"Letter from Pedro Carrillo de Albornoz y Bravo de Lagunas to Diego José, Fifth Count of Montemar (1/3/1765)",https://montemar.library.illinois.edu/Home/Letter/5318583_box1_f18?f=5318583_box1_f18&pages=8,7,page-7,montemar_transcripciones\html_por_pagina\20_5318583_box1_f18_Letter from Pedro Carrillo de Albornoz y Bravo de Lagunas to Diego Jos_page_007.html,montemar_transcripciones\txt_por_pagina\20_5318583_box1_f18_Letter from Pedro Carrillo de Albornoz y Bravo de Lagunas to Diego Jos_page_007.txt
20,5318583_box1_f18,"Letter from Pedro Carrillo de Albornoz y Bravo de Lagunas to Diego José, Fifth Count of Montemar (1/3/1765)",https://montemar.library.illinois.edu/Home/Letter/5318583_box1_f18?f=5318583_box1_f18&pages=8,8,page-8,montemar_transcripciones\html_por_pagina\20_5318583_box1_f18_Letter from Pedro Carrillo de Albornoz y Bravo de Lagunas to Diego Jos_page_008.html,montemar_transcripciones\txt_por_pagina\20_5318583_box1_f18_Letter from Pedro Carrillo de Albornoz y Bravo de Lagunas to Diego Jos_page_008.txt
21,5318583_box1_f19,"Letter from Diego José, Fifth Count of Montemar to Marquis of Lara (1/23/1765)",https://montemar.library.illinois.edu/Home/Letter/5318583_box1_f19?f=5318583_box1_f19&pages=24,1,page-1,"montemar_transcripciones\html_por_pagina\21_5318583_box1_f19_Letter from Diego José, Fifth Count of Montemar to Marquis of Lara (1_page_001.html","montemar_transcripciones\txt_por_pagina\21_5318583_box1_f19_Letter from Diego José, Fifth Count of Montemar to Marquis of Lara (1_page_001.txt"
21,5318583_box1_f19,"Letter from Diego José, Fifth Count of Montemar to Marquis of Lara (1/23/1765)",https://montemar.library.illinois.edu/Home/Letter/5318583_box1_f19?f=5318583_box1_f19&pages=24,2,page-2,"montemar_transcripciones\html_por_pagina\21_5318583_box1_f19_Letter from Diego José, Fifth Count of Montemar to Marquis of Lara (1_page_002.html","montemar_transcripciones\txt_por_pagina\21_5318583_box1_f19_Letter from Diego José, Fifth Count of Montemar to Marquis of Lara (1_page_002.txt"
21,5318583_box1_f19,"Letter from Diego José, Fifth Count of Montemar to Marquis of Lara (1/23/1765)",https://montemar.library.illinois.edu/Home/Letter/5318583_box1_f19?f=5318583_box1_f19&pages=24,3,page-3,"montemar_transcripciones\html_por_pagina\21_5318583_box1_f19_Letter from Diego José, Fifth Count of Montemar to Marquis of Lara (1_page_003.html","montemar_transcripciones\txt_por_pagina\21_5318583_box1_f19_Letter from Diego José, Fifth Count of Montemar to Marquis of Lara (1_page_003.txt"
21,5318583_box1_f19,"Letter from Diego José, Fifth Count of Montemar to Marquis of Lara (1/23/1765)",https://montemar.library.illinois.edu/Home/Letter/5318583_box1_f19?f=5318583_box1_f19&pages=24,4,page-4,"montemar_transcripciones\html_por_pagina\21_5318583_box1_f19_Letter from Diego José, Fifth Count of Montemar to Marquis of Lara (1_page_004.html","montemar_transcripciones\txt_por_pagina\21_5318583_box1_f19_Letter from Diego José, Fifth Count of Montemar to Marquis of Lara (1_page_004.txt"
21,5318583_box1_f19,"Letter from Diego José, Fifth Count of Montemar to Marquis of Lara (1/23/1765)",https://montemar.library.illinois.edu/Home/Letter/5318583_box1_f19?f=5318583_box1_f19&pages=24,5,page-5,"montemar_transcripciones\html_por_pagina\21_5318583_box1_f19_Letter from Diego José, Fifth Count of Montemar to Marquis of Lara (1_page_005.html","montemar_transcripciones\txt_por_pagina\21_5318583_box1_f19_Letter from Diego José, Fifth Count of Montemar to Marquis of Lara (1_page_005.txt"
21,5318583_box1_f19,"Letter from Diego José, Fifth Count of Montemar to Marquis of Lara (1/23/1765)",https://montemar.library.illinois.edu/Home/Letter/5318583_box1_f19?f=5318583_box1_f19&pages=24,6,page-6,"montemar_transcripciones\html_por_pagina\21_5318583_box1_f19_Letter from Diego José, Fifth Count of Montemar to Marquis of Lara (1_page_006.html","montemar_transcripciones\txt_por_pagina\21_5318583_box1_f19_Letter from Diego José, Fifth Count of Montemar to Marquis of Lara (1_page_006.txt"
21,5318583_box1_f19,"Letter from Diego José, Fifth Count of Montemar to Marquis of Lara (1/23/1765)",https://montemar.library.illinois.edu/Home/Letter/5318583_box1_f19?f=5318583_box1_f19&pages=24,7,page-7,"montemar_transcripciones\html_por_pagina\21_5318583_box1_f19_Letter from Diego José, Fifth Count of Montemar to Marquis of Lara (1_page_007.html","montemar_transcripciones\txt_por_pagina\21_5318583_box1_f19_Letter from Diego José, Fifth Count of Montemar to Marquis of Lara (1_page_007.txt"
21,5318583_box1_f19,"Letter from Diego José, Fifth Count of Montemar to Marquis of Lara (1/23/1765)",https://montemar.library.illinois.edu/Home/Letter/5318583_box1_f19?f=5318583_box1_f19&pages=24,8,page-8,"montemar_transcripciones\html_por_pagina\21_5318583_box1_f19_Letter from Diego José, Fifth Count of Montemar to Marquis of Lara (1_page_008.html","montemar_transcripciones\txt_por_pagina\21_5318583_box1_f19_Letter from Diego José, Fifth Count of Montemar to Marquis of Lara (1_page_008.txt"
21,5318583_box1_f19,"Letter from Diego José, Fifth Count of Montemar to Marquis of Lara (1/23/1765)",https://montemar.library.illinois.edu/Home/Letter/5318583_box1_f19?f=5318583_box1_f19&pages=24,9,page-9,"montemar_transcripciones\html_por_pagina\21_5318583_box1_f19_Letter from Diego José, Fifth Count of Montemar to Marquis of Lara (1_page_009.html","montemar_transcripciones\txt_por_pagina\21_5318583_box1_f19_Letter from Diego José, Fifth Count of Montemar to Marquis of Lara (1_page_009.txt"
21,5318583_box1_f19,"Letter from Diego José, Fifth Count of Montemar to Marquis of Lara (1/23/1765)",https://montemar.library.illinois.edu/Home/Letter/5318583_box1_f19?f=5318583_box1_f19&pages=24,10,page-10,"montemar_transcripciones\html_por_pagina\21_5318583_box1_f19_Letter from Diego José, Fifth Count of Montemar to Marquis of Lara (1_page_010.html","montemar_transcripciones\txt_por_pagina\21_5318583_box1_f19_Letter from Diego José, Fifth Count of Montemar to Marquis of Lara (1_page_010.txt"
21,5318583_box1_f19,"Letter from Diego José, Fifth Count of Montemar to Marquis of Lara (1/23/1765)",https://montemar.library.illinois.edu/Home/Letter/5318583_box1_f19?f=5318583_box1_f19&pages=24,11,page-11,"montemar_transcripciones\html_por_pagina\21_5318583_box1_f19_Letter from Diego José, Fifth Count of Montemar to Marquis of Lara (1_page_011.html","montemar_transcripciones\txt_por_pagina\21_5318583_box1_f19_Letter from Diego José, Fifth Count of Montemar to Marquis of Lara (1_page_011.txt"
21,5318583_box1_f19,"Letter from Diego José, Fifth Count of Montemar to Marquis of Lara (1/23/1765)",https://montemar.library.illinois.edu/Home/Letter/5318583_box1_f19?f=5318583_box1_f19&pages=24,12,page-12,"montemar_transcripciones\html_por_pagina\21_5318583_box1_f19_Letter from Diego José, Fifth Count of Montemar to Marquis of Lara (1_page_012.html","montemar_transcripciones\txt_por_pagina\21_5318583_box1_f19_Letter from Diego José, Fifth Count of Montemar to Marquis of Lara (1_page_012.txt"
21,5318583_box1_f19,"Letter from Diego José, Fifth Count of Montemar to Marquis of Lara (1/23/1765)",https://montemar.library.illinois.edu/Home/Letter/5318583_box1_f19?f=5318583_box1_f19&pages=24,13,page-13,"montemar_transcripciones\html_por_pagina\21_5318583_box1_f19_Letter from Diego José, Fifth Count of Montemar to Marquis of Lara (1_page_013.html","montemar_transcripciones\txt_por_pagina\21_5318583_box1_f19_Letter from Diego José, Fifth Count of Montemar to Marquis of Lara (1_page_013.txt"
21,5318583_box1_f19,"Letter from Diego José, Fifth Count of Montemar to Marquis of Lara (1/23/1765)",https://montemar.library.illinois.edu/Home/Letter/5318583_box1_f19?f=5318583_box1_f19&pages=24,14,page-14,"montemar_transcripciones\html_por_pagina\21_5318583_box1_f19_Letter from Diego José, Fifth Count of Montemar to Marquis of Lara (1_page_014.html","montemar_transcripciones\txt_por_pagina\21_5318583_box1_f19_Letter from Diego José, Fifth Count of Montemar to Marquis of Lara (1_page_014.txt"
21,5318583_box1_f19,"Letter from Diego José, Fifth Count of Montemar to Marquis of Lara (1/23/1765)",https://montemar.library.illinois.edu/Home/Letter/5318583_box1_f19?f=5318583_box1_f19&pages=24,15,page-15,"montemar_transcripciones\html_por_pagina\21_5318583_box1_f19_Letter from Diego José, Fifth Count of Montemar to Marquis of Lara (1_page_015.html","montemar_transcripciones\txt_por_pagina\21_5318583_box1_f19_Letter from Diego José, Fifth Count of Montemar to Marquis of Lara (1_page_015.txt"
21,5318583_box1_f19,"Letter from Diego José, Fifth Count of Montemar to Marquis of Lara (1/23/1765)",https://montemar.library.illinois.edu/Home/Letter/5318583_box1_f19?f=5318583_box1_f19&pages=24,16,page-16,"montemar_transcripciones\html_por_pagina\21_5318583_box1_f19_Letter from Diego José, Fifth Count of Montemar to Marquis of Lara (1_page_016.html","montemar_transcripciones\txt_por_pagina\21_5318583_box1_f19_Letter from Diego José, Fifth Count of Montemar to Marquis of Lara (1_page_016.txt"
21,5318583_box1_f19,"Letter from Diego José, Fifth Count of Montemar to Marquis of Lara (1/23/1765)",https://montemar.library.illinois.edu/Home/Letter/5318583_box1_f19?f=5318583_box1_f19&pages=24,17,page-17,"montemar_transcripciones\html_por_pagina\21_5318583_box1_f19_Letter from Diego José, Fifth Count of Montemar to Marquis of Lara (1_page_017.html","montemar_transcripciones\txt_por_pagina\21_5318583_box1_f19_Letter from Diego José, Fifth Count of Montemar to Marquis of Lara (1_page_017.txt"
21,5318583_box1_f19,"Letter from Diego José, Fifth Count of Montemar to Marquis of Lara (1/23/1765)",https://montemar.library.illinois.edu/Home/Letter/5318583_box1_f19?f=5318583_box1_f19&pages=24,18,page-18,"montemar_transcripciones\html_por_pagina\21_5318583_box1_f19_Letter from Diego José, Fifth Count of Montemar to Marquis of Lara (1_page_018.html","montemar_transcripciones\txt_por_pagina\21_5318583_box1_f19_Letter from Diego José, Fifth Count of Montemar to Marquis of Lara (1_page_018.txt"
21,5318583_box1_f19,"Letter from Diego José, Fifth Count of Montemar to Marquis of Lara (1/23/1765)",https://montemar.library.illinois.edu/Home/Letter/5318583_box1_f19?f=5318583_box1_f19&pages=24,19,page-19,"montemar_transcripciones\html_por_pagina\21_5318583_box1_f19_Letter from Diego José, Fifth Count of Montemar to Marquis of Lara (1_page_019.html","montemar_transcripciones\txt_por_pagina\21_5318583_box1_f19_Letter from Diego José, Fifth Count of Montemar to Marquis of Lara (1_page_019.txt"
21,5318583_box1_f19,"Letter from Diego José, Fifth Count of Montemar to Marquis of Lara (1/23/1765)",https://montemar.library.illinois.edu/Home/Letter/5318583_box1_f19?f=5318583_box1_f19&pages=24,20,page-20,"montemar_transcripciones\html_por_pagina\21_5318583_box1_f19_Letter from Diego José, Fifth Count of Montemar to Marquis of Lara (1_page_020.html","montemar_transcripciones\txt_por_pagina\21_5318583_box1_f19_Letter from Diego José, Fifth Count of Montemar to Marquis of Lara (1_page_020.txt"
21,5318583_box1_f19,"Letter from Diego José, Fifth Count of Montemar to Marquis of Lara (1/23/1765)",https://montemar.library.illinois.edu/Home/Letter/5318583_box1_f19?f=5318583_box1_f19&pages=24,21,page-21,"montemar_transcripciones\html_por_pagina\21_5318583_box1_f19_Letter from Diego José, Fifth Count of Montemar to Marquis of Lara (1_page_021.html","montemar_transcripciones\txt_por_pagina\21_5318583_box1_f19_Letter from Diego José, Fifth Count of Montemar to Marquis of Lara (1_page_021.txt"
21,5318583_box1_f19,"Letter from Diego José, Fifth Count of Montemar to Marquis of Lara (1/23/1765)",https://montemar.library.illinois.edu/Home/Letter/5318583_box1_f19?f=5318583_box1_f19&pages=24,22,page-22,"montemar_transcripciones\html_por_pagina\21_5318583_box1_f19_Letter from Diego José, Fifth Count of Montemar to Marquis of Lara (1_page_022.html","montemar_transcripciones\txt_por_pagina\21_5318583_box1_f19_Letter from Diego José, Fifth Count of Montemar to Marquis of Lara (1_page_022.txt"
21,5318583_box1_f19,"Letter from Diego José, Fifth Count of Montemar to Marquis of Lara (1/23/1765)",https://montemar.library.illinois.edu/Home/Letter/5318583_box1_f19?f=5318583_box1_f19&pages=24,23,page-23,"montemar_transcripciones\html_por_pagina\21_5318583_box1_f19_Letter from Diego José, Fifth Count of Montemar to Marquis of Lara (1_page_023.html","montemar_transcripciones\txt_por_pagina\21_5318583_box1_f19_Letter from Diego José, Fifth Count of Montemar to Marquis of Lara (1_page_023.txt"
21,5318583_box1_f19,"Letter from Diego José, Fifth Count of Montemar to Marquis of Lara (1/23/1765)",https://montemar.library.illinois.edu/Home/Letter/5318583_box1_f19?f=5318583_box1_f19&pages=24,24,page-24,"montemar_transcripciones\html_por_pagina\21_5318583_box1_f19_Letter from Diego José, Fifth Count of Montemar to Marquis of Lara (1_page_024.html","montemar_transcripciones\txt_por_pagina\21_5318583_box1_f19_Letter from Diego José, Fifth Count of Montemar to Marquis of Lara (1_page_024.txt"
22,5318583_box1_f20,"Letter from Diego José, Fifth Count of Montemar to unknown (1/29/1765)",https://montemar.library.illinois.edu/Home/Letter/5318583_box1_f20?f=5318583_box1_f20&pages=4,1,page-1,"montemar_transcripciones\html_por_pagina\22_5318583_box1_f20_Letter from Diego José, Fifth Count of Montemar to unknown (1_29_1765)_page_001.html","montemar_transcripciones\txt_por_pagina\22_5318583_box1_f20_Letter from Diego José, Fifth Count of Montemar to unknown (1_29_1765)_page_001.txt"
22,5318583_box1_f20,"Letter from Diego José, Fifth Count of Montemar to unknown (1/29/1765)",https://montemar.library.illinois.edu/Home/Letter/5318583_box1_f20?f=5318583_box1_f20&pages=4,2,page-2,"montemar_transcripciones\html_por_pagina\22_5318583_box1_f20_Letter from Diego José, Fifth Count of Montemar to unknown (1_29_1765)_page_002.html","montemar_transcripciones\txt_por_pagina\22_5318583_box1_f20_Letter from Diego José, Fifth Count of Montemar to unknown (1_29_1765)_page_002.txt"
22,5318583_box1_f20,"Letter from Diego José, Fifth Count of Montemar to unknown (1/29/1765)",https://montemar.library.illinois.edu/Home/Letter/5318583_box1_f20?f=5318583_box1_f20&pages=4,3,page-3,"montemar_transcripciones\html_por_pagina\22_5318583_box1_f20_Letter from Diego José, Fifth Count of Montemar to unknown (1_29_1765)_page_003.html","montemar_transcripciones\txt_por_pagina\22_5318583_box1_f20_Letter from Diego José, Fifth Count of Montemar to unknown (1_29_1765)_page_003.txt"
22,5318583_box1_f20,"Letter from Diego José, Fifth Count of Montemar to unknown (1/29/1765)",https://montemar.library.illinois.edu/Home/Letter/5318583_box1_f20?f=5318583_box1_f20&pages=4,4,page-4,"montemar_transcripciones\html_por_pagina\22_5318583_box1_f20_Letter from Diego José, Fifth Count of Montemar to unknown (1_29_1765)_page_004.html","montemar_transcripciones\txt_por_pagina\22_5318583_box1_f20_Letter from Diego José, Fifth Count of Montemar to unknown (1_29_1765)_page_004.txt"
23,5318583_box1_f21,"Letter from Marquis of Lara to Diego José, Fifth Count of Montemar (3/9/1765)",https://montemar.library.illinois.edu/Home/Letter/5318583_box1_f21?f=5318583_box1_f21&pages=16,1,page-1,"montemar_transcripciones\html_por_pagina\23_5318583_box1_f21_Letter from Marquis of Lara to Diego José, Fifth Count of Montemar (3_page_001.html","montemar_transcripciones\txt_por_pagina\23_5318583_box1_f21_Letter from Marquis of Lara to Diego José, Fifth Count of Montemar (3_page_001.txt"
23,5318583_box1_f21,"Letter from Marquis of Lara to Diego José, Fifth Count of Montemar (3/9/1765)",https://montemar.library.illinois.edu/Home/Letter/5318583_box1_f21?f=5318583_box1_f21&pages=16,2,page-2,"montemar_transcripciones\html_por_pagina\23_5318583_box1_f21_Letter from Marquis of Lara to Diego José, Fifth Count of Montemar (3_page_002.html","montemar_transcripciones\txt_por_pagina\23_5318583_box1_f21_Letter from Marquis of Lara to Diego José, Fifth Count of Montemar (3_page_002.txt"
23,5318583_box1_f21,"Letter from Marquis of Lara to Diego José, Fifth Count of Montemar (3/9/1765)",https://montemar.library.illinois.edu/Home/Letter/5318583_box1_f21?f=5318583_box1_f21&pages=16,3,page-3,"montemar_transcripciones\html_por_pagina\23_5318583_box1_f21_Letter from Marquis of Lara to Diego José, Fifth Count of Montemar (3_page_003.html","montemar_transcripciones\txt_por_pagina\23_5318583_box1_f21_Letter from Marquis of Lara to Diego José, Fifth Count of Montemar (3_page_003.txt"
23,5318583_box1_f21,"Letter from Marquis of Lara to Diego José, Fifth Count of Montemar (3/9/1765)",https://montemar.library.illinois.edu/Home/Letter/5318583_box1_f21?f=5318583_box1_f21&pages=16,4,page-4,"montemar_transcripciones\html_por_pagina\23_5318583_box1_f21_Letter from Marquis of Lara to Diego José, Fifth Count of Montemar (3_page_004.html","montemar_transcripciones\txt_por_pagina\23_5318583_box1_f21_Letter from Marquis of Lara to Diego José, Fifth Count of Montemar (3_page_004.txt"
23,5318583_box1_f21,"Letter from Marquis of Lara to Diego José, Fifth Count of Montemar (3/9/1765)",https://montemar.library.illinois.edu/Home/Letter/5318583_box1_f21?f=5318583_box1_f21&pages=16,5,page-5,"montemar_transcripciones\html_por_pagina\23_5318583_box1_f21_Letter from Marquis of Lara to Diego José, Fifth Count of Montemar (3_page_005.html","montemar_transcripciones\txt_por_pagina\23_5318583_box1_f21_Letter from Marquis of Lara to Diego José, Fifth Count of Montemar (3_page_005.txt"
23,5318583_box1_f21,"Letter from Marquis of Lara to Diego José, Fifth Count of Montemar (3/9/1765)",https://montemar.library.illinois.edu/Home/Letter/5318583_box1_f21?f=5318583_box1_f21&pages=16,6,page-6,"montemar_transcripciones\html_por_pagina\23_5318583_box1_f21_Letter from Marquis of Lara to Diego José, Fifth Count of Montemar (3_page_006.html","montemar_transcripciones\txt_por_pagina\23_5318583_box1_f21_Letter from Marquis of Lara to Diego José, Fifth Count of Montemar (3_page_006.txt"
23,5318583_box1_f21,"Letter from Marquis of Lara to Diego José, Fifth Count of Montemar (3/9/1765)",https://montemar.library.illinois.edu/Home/Letter/5318583_box1_f21?f=5318583_box1_f21&pages=16,7,page-7,"montemar_transcripciones\html_por_pagina\23_5318583_box1_f21_Letter from Marquis of Lara to Diego José, Fifth Count of Montemar (3_page_007.html","montemar_transcripciones\txt_por_pagina\23_5318583_box1_f21_Letter from Marquis of Lara to Diego José, Fifth Count of Montemar (3_page_007.txt"
23,5318583_box1_f21,"Letter from Marquis of Lara to Diego José, Fifth Count of Montemar (3/9/1765)",https://montemar.library.illinois.edu/Home/Letter/5318583_box1_f21?f=5318583_box1_f21&pages=16,8,page-8,"montemar_transcripciones\html_por_pagina\23_5318583_box1_f21_Letter from Marquis of Lara to Diego José, Fifth Count of Montemar (3_page_008.html","montemar_transcripciones\txt_por_pagina\23_5318583_box1_f21_Letter from Marquis of Lara to Diego José, Fifth Count of Montemar (3_page_008.txt"
23,5318583_box1_f21,"Letter from Marquis of Lara to Diego José, Fifth Count of Montemar (3/9/1765)",https://montemar.library.illinois.edu/Home/Letter/5318583_box1_f21?f=5318583_box1_f21&pages=16,9,page-9,"montemar_transcripciones\html_por_pagina\23_5318583_box1_f21_Letter from Marquis of Lara to Diego José, Fifth Count of Montemar (3_page_009.html","montemar_transcripciones\txt_por_pagina\23_5318583_box1_f21_Letter from Marquis of Lara to Diego José, Fifth Count of Montemar (3_page_009.txt"
23,5318583_box1_f21,"Letter from Marquis of Lara to Diego José, Fifth Count of Montemar (3/9/1765)",https://montemar.library.illinois.edu/Home/Letter/5318583_box1_f21?f=5318583_box1_f21&pages=16,10,page-10,"montemar_transcripciones\html_por_pagina\23_5318583_box1_f21_Letter from Marquis of Lara to Diego José, Fifth Count of Montemar (3_page_010.html","montemar_transcripciones\txt_por_pagina\23_5318583_box1_f21_Letter from Marquis of Lara to Diego José, Fifth Count of Montemar (3_page_010.txt"
23,5318583_box1_f21,"Letter from Marquis of Lara to Diego José, Fifth Count of Montemar (3/9/1765)",https://montemar.library.illinois.edu/Home/Letter/5318583_box1_f21?f=5318583_box1_f21&pages=16,11,page-11,"montemar_transcripciones\html_por_pagina\23_5318583_box1_f21_Letter from Marquis of Lara to Diego José, Fifth Count of Montemar (3_page_011.html","montemar_transcripciones\txt_por_pagina\23_5318583_box1_f21_Letter from Marquis of Lara to Diego José, Fifth Count of Montemar (3_page_011.txt"
23,5318583_box1_f21,"Letter from Marquis of Lara to Diego José, Fifth Count of Montemar (3/9/1765)",https://montemar.library.illinois.edu/Home/Letter/5318583_box1_f21?f=5318583_box1_f21&pages=16,12,page-12,"montemar_transcripciones\html_por_pagina\23_5318583_box1_f21_Letter from Marquis of Lara to Diego José, Fifth Count of Montemar (3_page_012.html","montemar_transcripciones\txt_por_pagina\23_5318583_box1_f21_Letter from Marquis of Lara to Diego José, Fifth Count of Montemar (3_page_012.txt"
23,5318583_box1_f21,"Letter from Marquis of Lara to Diego José, Fifth Count of Montemar (3/9/1765)",https://montemar.library.illinois.edu/Home/Letter/5318583_box1_f21?f=5318583_box1_f21&pages=16,13,page-13,"montemar_transcripciones\html_por_pagina\23_5318583_box1_f21_Letter from Marquis of Lara to Diego José, Fifth Count of Montemar (3_page_013.html","montemar_transcripciones\txt_por_pagina\23_5318583_box1_f21_Letter from Marquis of Lara to Diego José, Fifth Count of Montemar (3_page_013.txt"
23,5318583_box1_f21,"Letter from Marquis of Lara to Diego José, Fifth Count of Montemar (3/9/1765)",https://montemar.library.illinois.edu/Home/Letter/5318583_box1_f21?f=5318583_box1_f21&pages=16,14,page-14,"montemar_transcripciones\html_por_pagina\23_5318583_box1_f21_Letter from Marquis of Lara to Diego José, Fifth Count of Montemar (3_page_014.html","montemar_transcripciones\txt_por_pagina\23_5318583_box1_f21_Letter from Marquis of Lara to Diego José, Fifth Count of Montemar (3_page_014.txt"
23,5318583_box1_f21,"Letter from Marquis of Lara to Diego José, Fifth Count of Montemar (3/9/1765)",https://montemar.library.illinois.edu/Home/Letter/5318583_box1_f21?f=5318583_box1_f21&pages=16,15,page-15,"montemar_transcripciones\html_por_pagina\23_5318583_box1_f21_Letter from Marquis of Lara to Diego José, Fifth Count of Montemar (3_page_015.html","montemar_transcripciones\txt_por_pagina\23_5318583_box1_f21_Letter from Marquis of Lara to Diego José, Fifth Count of Montemar (3_page_015.txt"
23,5318583_box1_f21,"Letter from Marquis of Lara to Diego José, Fifth Count of Montemar (3/9/1765)",https://montemar.library.illinois.edu/Home/Letter/5318583_box1_f21?f=5318583_box1_f21&pages=16,16,page-16,"montemar_transcripciones\html_por_pagina\23_5318583_box1_f21_Letter from Marquis of Lara to Diego José, Fifth Count of Montemar (3_page_016.html","montemar_transcripciones\txt_por_pagina\23_5318583_box1_f21_Letter from Marquis of Lara to Diego José, Fifth Count of Montemar (3_page_016.txt"
24,5318583_box1_f22,"Letter from Pedro Carrillo de Albornoz y Bravo de Lagunas to Diego José, Fifth Count of Montemar (3/30/1765)",https://montemar.library.illinois.edu/Home/Letter/5318583_box1_f22?f=5318583_box1_f22&pages=12,1,page-1,montemar_transcripciones\html_por_pagina\24_5318583_box1_f22_Letter from Pedro Carrillo de Albornoz y Bravo de Lagunas to Diego Jos_page_001.html,montemar_transcripciones\txt_por_pagina\24_5318583_box1_f22_Letter from Pedro Carrillo de Albornoz y Bravo de Lagunas to Diego Jos_page_001.txt
24,5318583_box1_f22,"Letter from Pedro Carrillo de Albornoz y Bravo de Lagunas to Diego José, Fifth Count of Montemar (3/30/1765)",https://montemar.library.illinois.edu/Home/Letter/5318583_box1_f22?f=5318583_box1_f22&pages=12,2,page-2,montemar_transcripciones\html_por_pagina\24_5318583_box1_f22_Letter from Pedro Carrillo de Albornoz y Bravo de Lagunas to Diego Jos_page_002.html,montemar_transcripciones\txt_por_pagina\24_5318583_box1_f22_Letter from Pedro Carrillo de Albornoz y Bravo de Lagunas to Diego Jos_page_002.txt
24,5318583_box1_f22,"Letter from Pedro Carrillo de Albornoz y Bravo de Lagunas to Diego José, Fifth Count of Montemar (3/30/1765)",https://montemar.library.illinois.edu/Home/Letter/5318583_box1_f22?f=5318583_box1_f22&pages=12,3,page-3,montemar_transcripciones\html_por_pagina\24_5318583_box1_f22_Letter from Pedro Carrillo de Albornoz y Bravo de Lagunas to Diego Jos_page_003.html,montemar_transcripciones\txt_por_pagina\24_5318583_box1_f22_Letter from Pedro Carrillo de Albornoz y Bravo de Lagunas to Diego Jos_page_003.txt
24,5318583_box1_f22,"Letter from Pedro Carrillo de Albornoz y Bravo de Lagunas to Diego José, Fifth Count of Montemar (3/30/1765)",https://montemar.library.illinois.edu/Home/Letter/5318583_box1_f22?f=5318583_box1_f22&pages=12,4,page-4,montemar_transcripciones\html_por_pagina\24_5318583_box1_f22_Letter from Pedro Carrillo de Albornoz y Bravo de Lagunas to Diego Jos_page_004.html,montemar_transcripciones\txt_por_pagina\24_5318583_box1_f22_Letter from Pedro Carrillo de Albornoz y Bravo de Lagunas to Diego Jos_page_004.txt
24,5318583_box1_f22,"Letter from Pedro Carrillo de Albornoz y Bravo de Lagunas to Diego José, Fifth Count of Montemar (3/30/1765)",https://montemar.library.illinois.edu/Home/Letter/5318583_box1_f22?f=5318583_box1_f22&pages=12,5,page-5,montemar_transcripciones\html_por_pagina\24_5318583_box1_f22_Letter from Pedro Carrillo de Albornoz y Bravo de Lagunas to Diego Jos_page_005.html,montemar_transcripciones\txt_por_pagina\24_5318583_box1_f22_Letter from Pedro Carrillo de Albornoz y Bravo de Lagunas to Diego Jos_page_005.txt
24,5318583_box1_f22,"Letter from Pedro Carrillo de Albornoz y Bravo de Lagunas to Diego José, Fifth Count of Montemar (3/30/1765)",https://montemar.library.illinois.edu/Home/Letter/5318583_box1_f22?f=5318583_box1_f22&pages=12,6,page-6,montemar_transcripciones\html_por_pagina\24_5318583_box1_f22_Letter from Pedro Carrillo de Albornoz y Bravo de Lagunas to Diego Jos_page_006.html,montemar_transcripciones\txt_por_pagina\24_5318583_box1_f22_Letter from Pedro Carrillo de Albornoz y Bravo de Lagunas to Diego Jos_page_006.txt
24,5318583_box1_f22,"Letter from Pedro Carrillo de Albornoz y Bravo de Lagunas to Diego José, Fifth Count of Montemar (3/30/1765)",https://montemar.library.illinois.edu/Home/Letter/5318583_box1_f22?f=5318583_box1_f22&pages=12,7,page-7,montemar_transcripciones\html_por_pagina\24_5318583_box1_f22_Letter from Pedro Carrillo de Albornoz y Bravo de Lagunas to Diego Jos_page_007.html,montemar_transcripciones\txt_por_pagina\24_5318583_box1_f22_Letter from Pedro Carrillo de Albornoz y Bravo de Lagunas to Diego Jos_page_007.txt
24,5318583_box1_f22,"Letter from Pedro Carrillo de Albornoz y Bravo de Lagunas to Diego José, Fifth Count of Montemar (3/30/1765)",https://montemar.library.illinois.edu/Home/Letter/5318583_box1_f22?f=5318583_box1_f22&pages=12,8,page-8,montemar_transcripciones\html_por_pagina\24_5318583_box1_f22_Letter from Pedro Carrillo de Albornoz y Bravo de Lagunas to Diego Jos_page_008.html,montemar_transcripciones\txt_por_pagina\24_5318583_box1_f22_Letter from Pedro Carrillo de Albornoz y Bravo de Lagunas to Diego Jos_page_008.txt
24,5318583_box1_f22,"Letter from Pedro Carrillo de Albornoz y Bravo de Lagunas to Diego José, Fifth Count of Montemar (3/30/1765)",https://montemar.library.illinois.edu/Home/Letter/5318583_box1_f22?f=5318583_box1_f22&pages=12,9,page-9,montemar_transcripciones\html_por_pagina\24_5318583_box1_f22_Letter from Pedro Carrillo de Albornoz y Bravo de Lagunas to Diego Jos_page_009.html,montemar_transcripciones\txt_por_pagina\24_5318583_box1_f22_Letter from Pedro Carrillo de Albornoz y Bravo de Lagunas to Diego Jos_page_009.txt
24,5318583_box1_f22,"Letter from Pedro Carrillo de Albornoz y Bravo de Lagunas to Diego José, Fifth Count of Montemar (3/30/1765)",https://montemar.library.illinois.edu/Home/Letter/5318583_box1_f22?f=5318583_box1_f22&pages=12,10,page-10,montemar_transcripciones\html_por_pagina\24_5318583_box1_f22_Letter from Pedro Carrillo de Albornoz y Bravo de Lagunas to Diego Jos_page_010.html,montemar_transcripciones\txt_por_pagina\24_5318583_box1_f22_Letter from Pedro Carrillo de Albornoz y Bravo de Lagunas to Diego Jos_page_010.txt
24,5318583_box1_f22,"Letter from Pedro Carrillo de Albornoz y Bravo de Lagunas to Diego José, Fifth Count of Montemar (3/30/1765)",https://montemar.library.illinois.edu/Home/Letter/5318583_box1_f22?f=5318583_box1_f22&pages=12,11,page-11,montemar_transcripciones\html_por_pagina\24_5318583_box1_f22_Letter from Pedro Carrillo de Albornoz y Bravo de Lagunas to Diego Jos_page_011.html,montemar_transcripciones\txt_por_pagina\24_5318583_box1_f22_Letter from Pedro Carrillo de Albornoz y Bravo de Lagunas to Diego Jos_page_011.txt
24,5318583_box1_f22,"Letter from Pedro Carrillo de Albornoz y Bravo de Lagunas to Diego José, Fifth Count of Montemar (3/30/1765)",https://montemar.library.illinois.edu/Home/Letter/5318583_box1_f22?f=5318583_box1_f22&pages=12,12,page-12,montemar_transcripciones\html_por_pagina\24_5318583_box1_f22_Letter from Pedro Carrillo de Albornoz y Bravo de Lagunas to Diego Jos_page_012.html,montemar_transcripciones\txt_por_pagina\24_5318583_box1_f22_Letter from Pedro Carrillo de Albornoz y Bravo de Lagunas to Diego Jos_page_012.txt
25,5318583_box1_f23,"Letter from Diego José, Fifth Count of Montemar to Nicolás Manrique de Lara (8/20/1765)",https://montemar.library.illinois.edu/Home/Letter/5318583_box1_f23?f=5318583_box1_f23&pages=6,1,page-1,"montemar_transcripciones\html_por_pagina\25_5318583_box1_f23_Letter from Diego José, Fifth Count of Montemar to Nicolás Manrique de_page_001.html","montemar_transcripciones\txt_por_pagina\25_5318583_box1_f23_Letter from Diego José, Fifth Count of Montemar to Nicolás Manrique de_page_001.txt"
25,5318583_box1_f23,"Letter from Diego José, Fifth Count of Montemar to Nicolás Manrique de Lara (8/20/1765)",https://montemar.library.illinois.edu/Home/Letter/5318583_box1_f23?f=5318583_box1_f23&pages=6,2,page-2,"montemar_transcripciones\html_por_pagina\25_5318583_box1_f23_Letter from Diego José, Fifth Count of Montemar to Nicolás Manrique de_page_002.html","montemar_transcripciones\txt_por_pagina\25_5318583_box1_f23_Letter from Diego José, Fifth Count of Montemar to Nicolás Manrique de_page_002.txt"
25,5318583_box1_f23,"Letter from Diego José, Fifth Count of Montemar to Nicolás Manrique de Lara (8/20/1765)",https://montemar.library.illinois.edu/Home/Letter/5318583_box1_f23?f=5318583_box1_f23&pages=6,3,page-3,"montemar_transcripciones\html_por_pagina\25_5318583_box1_f23_Letter from Diego José, Fifth Count of Montemar to Nicolás Manrique de_page_003.html","montemar_transcripciones\txt_por_pagina\25_5318583_box1_f23_Letter from Diego José, Fifth Count of Montemar to Nicolás Manrique de_page_003.txt"
25,5318583_box1_f23,"Letter from Diego José, Fifth Count of Montemar to Nicolás Manrique de Lara (8/20/1765)",https://montemar.library.illinois.edu/Home/Letter/5318583_box1_f23?f=5318583_box1_f23&pages=6,4,page-4,"montemar_transcripciones\html_por_pagina\25_5318583_box1_f23_Letter from Diego José, Fifth Count of Montemar to Nicolás Manrique de_page_004.html","montemar_transcripciones\txt_por_pagina\25_5318583_box1_f23_Letter from Diego José, Fifth Count of Montemar to Nicolás Manrique de_page_004.txt"
25,5318583_box1_f23,"Letter from Diego José, Fifth Count of Montemar to Nicolás Manrique de Lara (8/20/1765)",https://montemar.library.illinois.edu/Home/Letter/5318583_box1_f23?f=5318583_box1_f23&pages=6,5,page-5,"montemar_transcripciones\html_por_pagina\25_5318583_box1_f23_Letter from Diego José, Fifth Count of Montemar to Nicolás Manrique de_page_005.html","montemar_transcripciones\txt_por_pagina\25_5318583_box1_f23_Letter from Diego José, Fifth Count of Montemar to Nicolás Manrique de_page_005.txt"
25,5318583_box1_f23,"Letter from Diego José, Fifth Count of Montemar to Nicolás Manrique de Lara (8/20/1765)",https://montemar.library.illinois.edu/Home/Letter/5318583_box1_f23?f=5318583_box1_f23&pages=6,6,page-6,"montemar_transcripciones\html_por_pagina\25_5318583_box1_f23_Letter from Diego José, Fifth Count of Montemar to Nicolás Manrique de_page_006.html","montemar_transcripciones\txt_por_pagina\25_5318583_box1_f23_Letter from Diego José, Fifth Count of Montemar to Nicolás Manrique de_page_006.txt"
26,5318583_box1_f24,"Letter from a friend to Diego José, Fifth Count of Montemar (9/29/1765)",https://montemar.library.illinois.edu/Home/Letter/5318583_box1_f24?f=5318583_box1_f24&pages=2,1,page-1,"montemar_transcripciones\html_por_pagina\26_5318583_box1_f24_Letter from a friend to Diego José, Fifth Count of Montemar (9_29_1765_page_001.html","montemar_transcripciones\txt_por_pagina\26_5318583_box1_f24_Letter from a friend to Diego José, Fifth Count of Montemar (9_29_1765_page_001.txt"
26,5318583_box1_f24,"Letter from a friend to Diego José, Fifth Count of Montemar (9/29/1765)",https://montemar.library.illinois.edu/Home/Letter/5318583_box1_f24?f=5318583_box1_f24&pages=2,2,page-2,"montemar_transcripciones\html_por_pagina\26_5318583_box1_f24_Letter from a friend to Diego José, Fifth Count of Montemar (9_29_1765_page_002.html","montemar_transcripciones\txt_por_pagina\26_5318583_box1_f24_Letter from a friend to Diego José, Fifth Count of Montemar (9_29_1765_page_002.txt"
27,5318583_box1_f25,"Letter from Joseph Portocarrero Pallarés, Knight of the Order of Santiago to Marquis of Lara (11/14/1765)",https://montemar.library.illinois.edu/Home/Letter/5318583_box1_f25?f=5318583_box1_f25&pages=4,1,page-1,"montemar_transcripciones\html_por_pagina\27_5318583_box1_f25_Letter from Joseph Portocarrero Pallarés, Knight of the Order of Santi_page_001.html","montemar_transcripciones\txt_por_pagina\27_5318583_box1_f25_Letter from Joseph Portocarrero Pallarés, Knight of the Order of Santi_page_001.txt"
27,5318583_box1_f25,"Letter from Joseph Portocarrero Pallarés, Knight of the Order of Santiago to Marquis of Lara (11/14/1765)",https://montemar.library.illinois.edu/Home/Letter/5318583_box1_f25?f=5318583_box1_f25&pages=4,2,page-2,"montemar_transcripciones\html_por_pagina\27_5318583_box1_f25_Letter from Joseph Portocarrero Pallarés, Knight of the Order of Santi_page_002.html","montemar_transcripciones\txt_por_pagina\27_5318583_box1_f25_Letter from Joseph Portocarrero Pallarés, Knight of the Order of Santi_page_002.txt"
27,5318583_box1_f25,"Letter from Joseph Portocarrero Pallarés, Knight of the Order of Santiago to Marquis of Lara (11/14/1765)",https://montemar.library.illinois.edu/Home/Letter/5318583_box1_f25?f=5318583_box1_f25&pages=4,3,page-3,"montemar_transcripciones\html_por_pagina\27_5318583_box1_f25_Letter from Joseph Portocarrero Pallarés, Knight of the Order of Santi_page_003.html","montemar_transcripciones\txt_por_pagina\27_5318583_box1_f25_Letter from Joseph Portocarrero Pallarés, Knight of the Order of Santi_page_003.txt"
27,5318583_box1_f25,"Letter from Joseph Portocarrero Pallarés, Knight of the Order of Santiago to Marquis of Lara (11/14/1765)",https://montemar.library.illinois.edu/Home/Letter/5318583_box1_f25?f=5318583_box1_f25&pages=4,4,page-4,"montemar_transcripciones\html_por_pagina\27_5318583_box1_f25_Letter from Joseph Portocarrero Pallarés, Knight of the Order of Santi_page_004.html","montemar_transcripciones\txt_por_pagina\27_5318583_box1_f25_Letter from Joseph Portocarrero Pallarés, Knight of the Order of Santi_page_004.txt"
28,5318583_box1_f26,"Letter from Diego José, Fifth Count of Montemar to Marquis of Lara (11/23/1765)",https://montemar.library.illinois.edu/Home/Letter/5318583_box1_f26?f=5318583_box1_f26&pages=20,1,page-1,"montemar_transcripciones\html_por_pagina\28_5318583_box1_f26_Letter from Diego José, Fifth Count of Montemar to Marquis of Lara (11_page_001.html","montemar_transcripciones\txt_por_pagina\28_5318583_box1_f26_Letter from Diego José, Fifth Count of Montemar to Marquis of Lara (11_page_001.txt"
28,5318583_box1_f26,"Letter from Diego José, Fifth Count of Montemar to Marquis of Lara (11/23/1765)",https://montemar.library.illinois.edu/Home/Letter/5318583_box1_f26?f=5318583_box1_f26&pages=20,2,page-2,"montemar_transcripciones\html_por_pagina\28_5318583_box1_f26_Letter from Diego José, Fifth Count of Montemar to Marquis of Lara (11_page_002.html","montemar_transcripciones\txt_por_pagina\28_5318583_box1_f26_Letter from Diego José, Fifth Count of Montemar to Marquis of Lara (11_page_002.txt"
28,5318583_box1_f26,"Letter from Diego José, Fifth Count of Montemar to Marquis of Lara (11/23/1765)",https://montemar.library.illinois.edu/Home/Letter/5318583_box1_f26?f=5318583_box1_f26&pages=20,3,page-3,"montemar_transcripciones\html_por_pagina\28_5318583_box1_f26_Letter from Diego José, Fifth Count of Montemar to Marquis of Lara (11_page_003.html","montemar_transcripciones\txt_por_pagina\28_5318583_box1_f26_Letter from Diego José, Fifth Count of Montemar to Marquis of Lara (11_page_003.txt"
28,5318583_box1_f26,"Letter from Diego José, Fifth Count of Montemar to Marquis of Lara (11/23/1765)",https://montemar.library.illinois.edu/Home/Letter/5318583_box1_f26?f=5318583_box1_f26&pages=20,4,page-4,"montemar_transcripciones\html_por_pagina\28_5318583_box1_f26_Letter from Diego José, Fifth Count of Montemar to Marquis of Lara (11_page_004.html","montemar_transcripciones\txt_por_pagina\28_5318583_box1_f26_Letter from Diego José, Fifth Count of Montemar to Marquis of Lara (11_page_004.txt"
28,5318583_box1_f26,"Letter from Diego José, Fifth Count of Montemar to Marquis of Lara (11/23/1765)",https://montemar.library.illinois.edu/Home/Letter/5318583_box1_f26?f=5318583_box1_f26&pages=20,5,page-5,"montemar_transcripciones\html_por_pagina\28_5318583_box1_f26_Letter from Diego José, Fifth Count of Montemar to Marquis of Lara (11_page_005.html","montemar_transcripciones\txt_por_pagina\28_5318583_box1_f26_Letter from Diego José, Fifth Count of Montemar to Marquis of Lara (11_page_005.txt"
28,5318583_box1_f26,"Letter from Diego José, Fifth Count of Montemar to Marquis of Lara (11/23/1765)",https://montemar.library.illinois.edu/Home/Letter/5318583_box1_f26?f=5318583_box1_f26&pages=20,6,page-6,"montemar_transcripciones\html_por_pagina\28_5318583_box1_f26_Letter from Diego José, Fifth Count of Montemar to Marquis of Lara (11_page_006.html","montemar_transcripciones\txt_por_pagina\28_5318583_box1_f26_Letter from Diego José, Fifth Count of Montemar to Marquis of Lara (11_page_006.txt"
28,5318583_box1_f26,"Letter from Diego José, Fifth Count of Montemar to Marquis of Lara (11/23/1765)",https://montemar.library.illinois.edu/Home/Letter/5318583_box1_f26?f=5318583_box1_f26&pages=20,7,page-7,"montemar_transcripciones\html_por_pagina\28_5318583_box1_f26_Letter from Diego José, Fifth Count of Montemar to Marquis of Lara (11_page_007.html","montemar_transcripciones\txt_por_pagina\28_5318583_box1_f26_Letter from Diego José, Fifth Count of Montemar to Marquis of Lara (11_page_007.txt"
28,5318583_box1_f26,"Letter from Diego José, Fifth Count of Montemar to Marquis of Lara (11/23/1765)",https://montemar.library.illinois.edu/Home/Letter/5318583_box1_f26?f=5318583_box1_f26&pages=20,8,page-8,"montemar_transcripciones\html_por_pagina\28_5318583_box1_f26_Letter from Diego José, Fifth Count of Montemar to Marquis of Lara (11_page_008.html","montemar_transcripciones\txt_por_pagina\28_5318583_box1_f26_Letter from Diego José, Fifth Count of Montemar to Marquis of Lara (11_page_008.txt"
28,5318583_box1_f26,"Letter from Diego José, Fifth Count of Montemar to Marquis of Lara (11/23/1765)",https://montemar.library.illinois.edu/Home/Letter/5318583_box1_f26?f=5318583_box1_f26&pages=20,9,page-9,"montemar_transcripciones\html_por_pagina\28_5318583_box1_f26_Letter from Diego José, Fifth Count of Montemar to Marquis of Lara (11_page_009.html","montemar_transcripciones\txt_por_pagina\28_5318583_box1_f26_Letter from Diego José, Fifth Count of Montemar to Marquis of Lara (11_page_009.txt"
28,5318583_box1_f26,"Letter from Diego José, Fifth Count of Montemar to Marquis of Lara (11/23/1765)",https://montemar.library.illinois.edu/Home/Letter/5318583_box1_f26?f=5318583_box1_f26&pages=20,10,page-10,"montemar_transcripciones\html_por_pagina\28_5318583_box1_f26_Letter from Diego José, Fifth Count of Montemar to Marquis of Lara (11_page_010.html","montemar_transcripciones\txt_por_pagina\28_5318583_box1_f26_Letter from Diego José, Fifth Count of Montemar to Marquis of Lara (11_page_010.txt"
28,5318583_box1_f26,"Letter from Diego José, Fifth Count of Montemar to Marquis of Lara (11/23/1765)",https://montemar.library.illinois.edu/Home/Letter/5318583_box1_f26?f=5318583_box1_f26&pages=20,11,page-11,"montemar_transcripciones\html_por_pagina\28_5318583_box1_f26_Letter from Diego José, Fifth Count of Montemar to Marquis of Lara (11_page_011.html","montemar_transcripciones\txt_por_pagina\28_5318583_box1_f26_Letter from Diego José, Fifth Count of Montemar to Marquis of Lara (11_page_011.txt"
28,5318583_box1_f26,"Letter from Diego José, Fifth Count of Montemar to Marquis of Lara (11/23/1765)",https://montemar.library.illinois.edu/Home/Letter/5318583_box1_f26?f=5318583_box1_f26&pages=20,12,page-12,"montemar_transcripciones\html_por_pagina\28_5318583_box1_f26_Letter from Diego José, Fifth Count of Montemar to Marquis of Lara (11_page_012.html","montemar_transcripciones\txt_por_pagina\28_5318583_box1_f26_Letter from Diego José, Fifth Count of Montemar to Marquis of Lara (11_page_012.txt"
28,5318583_box1_f26,"Letter from Diego José, Fifth Count of Montemar to Marquis of Lara (11/23/1765)",https://montemar.library.illinois.edu/Home/Letter/5318583_box1_f26?f=5318583_box1_f26&pages=20,13,page-13,"montemar_transcripciones\html_por_pagina\28_5318583_box1_f26_Letter from Diego José, Fifth Count of Montemar to Marquis of Lara (11_page_013.html","montemar_transcripciones\txt_por_pagina\28_5318583_box1_f26_Letter from Diego José, Fifth Count of Montemar to Marquis of Lara (11_page_013.txt"
28,5318583_box1_f26,"Letter from Diego José, Fifth Count of Montemar to Marquis of Lara (11/23/1765)",https://montemar.library.illinois.edu/Home/Letter/5318583_box1_f26?f=5318583_box1_f26&pages=20,14,page-14,"montemar_transcripciones\html_por_pagina\28_5318583_box1_f26_Letter from Diego José, Fifth Count of Montemar to Marquis of Lara (11_page_014.html","montemar_transcripciones\txt_por_pagina\28_5318583_box1_f26_Letter from Diego José, Fifth Count of Montemar to Marquis of Lara (11_page_014.txt"
28,5318583_box1_f26,"Letter from Diego José, Fifth Count of Montemar to Marquis of Lara (11/23/1765)",https://montemar.library.illinois.edu/Home/Letter/5318583_box1_f26?f=5318583_box1_f26&pages=20,15,page-15,"montemar_transcripciones\html_por_pagina\28_5318583_box1_f26_Letter from Diego José, Fifth Count of Montemar to Marquis of Lara (11_page_015.html","montemar_transcripciones\txt_por_pagina\28_5318583_box1_f26_Letter from Diego José, Fifth Count of Montemar to Marquis of Lara (11_page_015.txt"
28,5318583_box1_f26,"Letter from Diego José, Fifth Count of Montemar to Marquis of Lara (11/23/1765)",https://montemar.library.illinois.edu/Home/Letter/5318583_box1_f26?f=5318583_box1_f26&pages=20,16,page-16,"montemar_transcripciones\html_por_pagina\28_5318583_box1_f26_Letter from Diego José, Fifth Count of Montemar to Marquis of Lara (11_page_016.html","montemar_transcripciones\txt_por_pagina\28_5318583_box1_f26_Letter from Diego José, Fifth Count of Montemar to Marquis of Lara (11_page_016.txt"
28,5318583_box1_f26,"Letter from Diego José, Fifth Count of Montemar to Marquis of Lara (11/23/1765)",https://montemar.library.illinois.edu/Home/Letter/5318583_box1_f26?f=5318583_box1_f26&pages=20,17,page-17,"montemar_transcripciones\html_por_pagina\28_5318583_box1_f26_Letter from Diego José, Fifth Count of Montemar to Marquis of Lara (11_page_017.html","montemar_transcripciones\txt_por_pagina\28_5318583_box1_f26_Letter from Diego José, Fifth Count of Montemar to Marquis of Lara (11_page_017.txt"
28,5318583_box1_f26,"Letter from Diego José, Fifth Count of Montemar to Marquis of Lara (11/23/1765)",https://montemar.library.illinois.edu/Home/Letter/5318583_box1_f26?f=5318583_box1_f26&pages=20,18,page-18,"montemar_transcripciones\html_por_pagina\28_5318583_box1_f26_Letter from Diego José, Fifth Count of Montemar to Marquis of Lara (11_page_018.html","montemar_transcripciones\txt_por_pagina\28_5318583_box1_f26_Letter from Diego José, Fifth Count of Montemar to Marquis of Lara (11_page_018.txt"
28,5318583_box1_f26,"Letter from Diego José, Fifth Count of Montemar to Marquis of Lara (11/23/1765)",https://montemar.library.illinois.edu/Home/Letter/5318583_box1_f26?f=5318583_box1_f26&pages=20,19,page-19,"montemar_transcripciones\html_por_pagina\28_5318583_box1_f26_Letter from Diego José, Fifth Count of Montemar to Marquis of Lara (11_page_019.html","montemar_transcripciones\txt_por_pagina\28_5318583_box1_f26_Letter from Diego José, Fifth Count of Montemar to Marquis of Lara (11_page_019.txt"
28,5318583_box1_f26,"Letter from Diego José, Fifth Count of Montemar to Marquis of Lara (11/23/1765)",https://montemar.library.illinois.edu/Home/Letter/5318583_box1_f26?f=5318583_box1_f26&pages=20,20,page-20,"montemar_transcripciones\html_por_pagina\28_5318583_box1_f26_Letter from Diego José, Fifth Count of Montemar to Marquis of Lara (11_page_020.html","montemar_transcripciones\txt_por_pagina\28_5318583_box1_f26_Letter from Diego José, Fifth Count of Montemar to Marquis of Lara (11_page_020.txt"
29,5318583_box1_f27,"Letter from Diego José, Fifth Count of Montemar to Rosa, Marchioness of Lara (11/23/1765)",https://montemar.library.illinois.edu/Home/Letter/5318583_box1_f27?f=5318583_box1_f27&pages=4,1,page-1,"montemar_transcripciones\html_por_pagina\29_5318583_box1_f27_Letter from Diego José, Fifth Count of Montemar to Rosa, Marchioness o_page_001.html","montemar_transcripciones\txt_por_pagina\29_5318583_box1_f27_Letter from Diego José, Fifth Count of Montemar to Rosa, Marchioness o_page_001.txt"
29,5318583_box1_f27,"Letter from Diego José, Fifth Count of Montemar to Rosa, Marchioness of Lara (11/23/1765)",https://montemar.library.illinois.edu/Home/Letter/5318583_box1_f27?f=5318583_box1_f27&pages=4,2,page-2,"montemar_transcripciones\html_por_pagina\29_5318583_box1_f27_Letter from Diego José, Fifth Count of Montemar to Rosa, Marchioness o_page_002.html","montemar_transcripciones\txt_por_pagina\29_5318583_box1_f27_Letter from Diego José, Fifth Count of Montemar to Rosa, Marchioness o_page_002.txt"
29,5318583_box1_f27,"Letter from Diego José, Fifth Count of Montemar to Rosa, Marchioness of Lara (11/23/1765)",https://montemar.library.illinois.edu/Home/Letter/5318583_box1_f27?f=5318583_box1_f27&pages=4,3,page-3,"montemar_transcripciones\html_por_pagina\29_5318583_box1_f27_Letter from Diego José, Fifth Count of Montemar to Rosa, Marchioness o_page_003.html","montemar_transcripciones\txt_por_pagina\29_5318583_box1_f27_Letter from Diego José, Fifth Count of Montemar to Rosa, Marchioness o_page_003.txt"
29,5318583_box1_f27,"Letter from Diego José, Fifth Count of Montemar to Rosa, Marchioness of Lara (11/23/1765)",https://montemar.library.illinois.edu/Home/Letter/5318583_box1_f27?f=5318583_box1_f27&pages=4,4,page-4,"montemar_transcripciones\html_por_pagina\29_5318583_box1_f27_Letter from Diego José, Fifth Count of Montemar to Rosa, Marchioness o_page_004.html","montemar_transcripciones\txt_por_pagina\29_5318583_box1_f27_Letter from Diego José, Fifth Count of Montemar to Rosa, Marchioness o_page_004.txt"
30,5318583_box1_f28,"Letter from Diego José, Fifth Count of Montemar to Juan Bautista Carrillo de Albornoz y Bravo de Lagunas (11/23/1765)",https://montemar.library.illinois.edu/Home/Letter/5318583_box1_f28?f=5318583_box1_f28&pages=10,1,page-1,"montemar_transcripciones\html_por_pagina\30_5318583_box1_f28_Letter from Diego José, Fifth Count of Montemar to Juan Bautista Carri_page_001.html","montemar_transcripciones\txt_por_pagina\30_5318583_box1_f28_Letter from Diego José, Fifth Count of Montemar to Juan Bautista Carri_page_001.txt"
30,5318583_box1_f28,"Letter from Diego José, Fifth Count of Montemar to Juan Bautista Carrillo de Albornoz y Bravo de Lagunas (11/23/1765)",https://montemar.library.illinois.edu/Home/Letter/5318583_box1_f28?f=5318583_box1_f28&pages=10,2,page-2,"montemar_transcripciones\html_por_pagina\30_5318583_box1_f28_Letter from Diego José, Fifth Count of Montemar to Juan Bautista Carri_page_002.html","montemar_transcripciones\txt_por_pagina\30_5318583_box1_f28_Letter from Diego José, Fifth Count of Montemar to Juan Bautista Carri_page_002.txt"
30,5318583_box1_f28,"Letter from Diego José, Fifth Count of Montemar to Juan Bautista Carrillo de Albornoz y Bravo de Lagunas (11/23/1765)",https://montemar.library.illinois.edu/Home/Letter/5318583_box1_f28?f=5318583_box1_f28&pages=10,3,page-3,"montemar_transcripciones\html_por_pagina\30_5318583_box1_f28_Letter from Diego José, Fifth Count of Montemar to Juan Bautista Carri_page_003.html","montemar_transcripciones\txt_por_pagina\30_5318583_box1_f28_Letter from Diego José, Fifth Count of Montemar to Juan Bautista Carri_page_003.txt"
30,5318583_box1_f28,"Letter from Diego José, Fifth Count of Montemar to Juan Bautista Carrillo de Albornoz y Bravo de Lagunas (11/23/1765)",https://montemar.library.illinois.edu/Home/Letter/5318583_box1_f28?f=5318583_box1_f28&pages=10,4,page-4,"montemar_transcripciones\html_por_pagina\30_5318583_box1_f28_Letter from Diego José, Fifth Count of Montemar to Juan Bautista Carri_page_004.html","montemar_transcripciones\txt_por_pagina\30_5318583_box1_f28_Letter from Diego José, Fifth Count of Montemar to Juan Bautista Carri_page_004.txt"
30,5318583_box1_f28,"Letter from Diego José, Fifth Count of Montemar to Juan Bautista Carrillo de Albornoz y Bravo de Lagunas (11/23/1765)",https://montemar.library.illinois.edu/Home/Letter/5318583_box1_f28?f=5318583_box1_f28&pages=10,5,page-5,"montemar_transcripciones\html_por_pagina\30_5318583_box1_f28_Letter from Diego José, Fifth Count of Montemar to Juan Bautista Carri_page_005.html","montemar_transcripciones\txt_por_pagina\30_5318583_box1_f28_Letter from Diego José, Fifth Count of Montemar to Juan Bautista Carri_page_005.txt"
30,5318583_box1_f28,"Letter from Diego José, Fifth Count of Montemar to Juan Bautista Carrillo de Albornoz y Bravo de Lagunas (11/23/1765)",https://montemar.library.illinois.edu/Home/Letter/5318583_box1_f28?f=5318583_box1_f28&pages=10,6,page-6,"montemar_transcripciones\html_por_pagina\30_5318583_box1_f28_Letter from Diego José, Fifth Count of Montemar to Juan Bautista Carri_page_006.html","montemar_transcripciones\txt_por_pagina\30_5318583_box1_f28_Letter from Diego José, Fifth Count of Montemar to Juan Bautista Carri_page_006.txt"
30,5318583_box1_f28,"Letter from Diego José, Fifth Count of Montemar to Juan Bautista Carrillo de Albornoz y Bravo de Lagunas (11/23/1765)",https://montemar.library.illinois.edu/Home/Letter/5318583_box1_f28?f=5318583_box1_f28&pages=10,7,page-7,"montemar_transcripciones\html_por_pagina\30_5318583_box1_f28_Letter from Diego José, Fifth Count of Montemar to Juan Bautista Carri_page_007.html","montemar_transcripciones\txt_por_pagina\30_5318583_box1_f28_Letter from Diego José, Fifth Count of Montemar to Juan Bautista Carri_page_007.txt"
30,5318583_box1_f28,"Letter from Diego José, Fifth Count of Montemar to Juan Bautista Carrillo de Albornoz y Bravo de Lagunas (11/23/1765)",https://montemar.library.illinois.edu/Home/Letter/5318583_box1_f28?f=5318583_box1_f28&pages=10,8,page-8,"montemar_transcripciones\html_por_pagina\30_5318583_box1_f28_Letter from Diego José, Fifth Count of Montemar to Juan Bautista Carri_page_008.html","montemar_transcripciones\txt_por_pagina\30_5318583_box1_f28_Letter from Diego José, Fifth Count of Montemar to Juan Bautista Carri_page_008.txt"
30,5318583_box1_f28,"Letter from Diego José, Fifth Count of Montemar to Juan Bautista Carrillo de Albornoz y Bravo de Lagunas (11/23/1765)",https://montemar.library.illinois.edu/Home/Letter/5318583_box1_f28?f=5318583_box1_f28&pages=10,9,page-9,"montemar_transcripciones\html_por_pagina\30_5318583_box1_f28_Letter from Diego José, Fifth Count of Montemar to Juan Bautista Carri_page_009.html","montemar_transcripciones\txt_por_pagina\30_5318583_box1_f28_Letter from Diego José, Fifth Count of Montemar to Juan Bautista Carri_page_009.txt"
30,5318583_box1_f28,"Letter from Diego José, Fifth Count of Montemar to Juan Bautista Carrillo de Albornoz y Bravo de Lagunas (11/23/1765)",https://montemar.library.illinois.edu/Home/Letter/5318583_box1_f28?f=5318583_box1_f28&pages=10,10,page-10,"montemar_transcripciones\html_por_pagina\30_5318583_box1_f28_Letter from Diego José, Fifth Count of Montemar to Juan Bautista Carri_page_010.html","montemar_transcripciones\txt_por_pagina\30_5318583_box1_f28_Letter from Diego José, Fifth Count of Montemar to Juan Bautista Carri_page_010.txt"
31,5318583_box1_f29,"Letter from Diego José, Fifth Count of Montemar to Pedro Carrillo de Albornoz y Bravo de Lagunas (12/3/1765)",https://montemar.library.illinois.edu/Home/Letter/5318583_box1_f29?f=5318583_box1_f29&pages=8,1,page-1,"montemar_transcripciones\html_por_pagina\31_5318583_box1_f29_Letter from Diego José, Fifth Count of Montemar to Pedro Carrillo de A_page_001.html","montemar_transcripciones\txt_por_pagina\31_5318583_box1_f29_Letter from Diego José, Fifth Count of Montemar to Pedro Carrillo de A_page_001.txt"
31,5318583_box1_f29,"Letter from Diego José, Fifth Count of Montemar to Pedro Carrillo de Albornoz y Bravo de Lagunas (12/3/1765)",https://montemar.library.illinois.edu/Home/Letter/5318583_box1_f29?f=5318583_box1_f29&pages=8,2,page-2,"montemar_transcripciones\html_por_pagina\31_5318583_box1_f29_Letter from Diego José, Fifth Count of Montemar to Pedro Carrillo de A_page_002.html","montemar_transcripciones\txt_por_pagina\31_5318583_box1_f29_Letter from Diego José, Fifth Count of Montemar to Pedro Carrillo de A_page_002.txt"
31,5318583_box1_f29,"Letter from Diego José, Fifth Count of Montemar to Pedro Carrillo de Albornoz y Bravo de Lagunas (12/3/1765)",https://montemar.library.illinois.edu/Home/Letter/5318583_box1_f29?f=5318583_box1_f29&pages=8,3,page-3,"montemar_transcripciones\html_por_pagina\31_5318583_box1_f29_Letter from Diego José, Fifth Count of Montemar to Pedro Carrillo de A_page_003.html","montemar_transcripciones\txt_por_pagina\31_5318583_box1_f29_Letter from Diego José, Fifth Count of Montemar to Pedro Carrillo de A_page_003.txt"
31,5318583_box1_f29,"Letter from Diego José, Fifth Count of Montemar to Pedro Carrillo de Albornoz y Bravo de Lagunas (12/3/1765)",https://montemar.library.illinois.edu/Home/Letter/5318583_box1_f29?f=5318583_box1_f29&pages=8,4,page-4,"montemar_transcripciones\html_por_pagina\31_5318583_box1_f29_Letter from Diego José, Fifth Count of Montemar to Pedro Carrillo de A_page_004.html","montemar_transcripciones\txt_por_pagina\31_5318583_box1_f29_Letter from Diego José, Fifth Count of Montemar to Pedro Carrillo de A_page_004.txt"
31,5318583_box1_f29,"Letter from Diego José, Fifth Count of Montemar to Pedro Carrillo de Albornoz y Bravo de Lagunas (12/3/1765)",https://montemar.library.illinois.edu/Home/Letter/5318583_box1_f29?f=5318583_box1_f29&pages=8,5,page-5,"montemar_transcripciones\html_por_pagina\31_5318583_box1_f29_Letter from Diego José, Fifth Count of Montemar to Pedro Carrillo de A_page_005.html","montemar_transcripciones\txt_por_pagina\31_5318583_box1_f29_Letter from Diego José, Fifth Count of Montemar to Pedro Carrillo de A_page_005.txt"
31,5318583_box1_f29,"Letter from Diego José, Fifth Count of Montemar to Pedro Carrillo de Albornoz y Bravo de Lagunas (12/3/1765)",https://montemar.library.illinois.edu/Home/Letter/5318583_box1_f29?f=5318583_box1_f29&pages=8,6,page-6,"montemar_transcripciones\html_por_pagina\31_5318583_box1_f29_Letter from Diego José, Fifth Count of Montemar to Pedro Carrillo de A_page_006.html","montemar_transcripciones\txt_por_pagina\31_5318583_box1_f29_Letter from Diego José, Fifth Count of Montemar to Pedro Carrillo de A_page_006.txt"
31,5318583_box1_f29,"Letter from Diego José, Fifth Count of Montemar to Pedro Carrillo de Albornoz y Bravo de Lagunas (12/3/1765)",https://montemar.library.illinois.edu/Home/Letter/5318583_box1_f29?f=5318583_box1_f29&pages=8,7,page-7,"montemar_transcripciones\html_por_pagina\31_5318583_box1_f29_Letter from Diego José, Fifth Count of Montemar to Pedro Carrillo de A_page_007.html","montemar_transcripciones\txt_por_pagina\31_5318583_box1_f29_Letter from Diego José, Fifth Count of Montemar to Pedro Carrillo de A_page_007.txt"
31,5318583_box1_f29,"Letter from Diego José, Fifth Count of Montemar to Pedro Carrillo de Albornoz y Bravo de Lagunas (12/3/1765)",https://montemar.library.illinois.edu/Home/Letter/5318583_box1_f29?f=5318583_box1_f29&pages=8,8,page-8,"montemar_transcripciones\html_por_pagina\31_5318583_box1_f29_Letter from Diego José, Fifth Count of Montemar to Pedro Carrillo de A_page_008.html","montemar_transcripciones\txt_por_pagina\31_5318583_box1_f29_Letter from Diego José, Fifth Count of Montemar to Pedro Carrillo de A_page_008.txt"
32,5318583_box1_f30,"Letter from Diego José, Fifth Count of Montemar to Joseph Perfecto de Salas (12/3/1765)",https://montemar.library.illinois.edu/Home/Letter/5318583_box1_f30?f=5318583_box1_f30&pages=10,1,page-1,"montemar_transcripciones\html_por_pagina\32_5318583_box1_f30_Letter from Diego José, Fifth Count of Montemar to Joseph Perfecto de_page_001.html","montemar_transcripciones\txt_por_pagina\32_5318583_box1_f30_Letter from Diego José, Fifth Count of Montemar to Joseph Perfecto de_page_001.txt"
32,5318583_box1_f30,"Letter from Diego José, Fifth Count of Montemar to Joseph Perfecto de Salas (12/3/1765)",https://montemar.library.illinois.edu/Home/Letter/5318583_box1_f30?f=5318583_box1_f30&pages=10,2,page-2,"montemar_transcripciones\html_por_pagina\32_5318583_box1_f30_Letter from Diego José, Fifth Count of Montemar to Joseph Perfecto de_page_002.html","montemar_transcripciones\txt_por_pagina\32_5318583_box1_f30_Letter from Diego José, Fifth Count of Montemar to Joseph Perfecto de_page_002.txt"
32,5318583_box1_f30,"Letter from Diego José, Fifth Count of Montemar to Joseph Perfecto de Salas (12/3/1765)",https://montemar.library.illinois.edu/Home/Letter/5318583_box1_f30?f=5318583_box1_f30&pages=10,3,page-3,"montemar_transcripciones\html_por_pagina\32_5318583_box1_f30_Letter from Diego José, Fifth Count of Montemar to Joseph Perfecto de_page_003.html","montemar_transcripciones\txt_por_pagina\32_5318583_box1_f30_Letter from Diego José, Fifth Count of Montemar to Joseph Perfecto de_page_003.txt"
32,5318583_box1_f30,"Letter from Diego José, Fifth Count of Montemar to Joseph Perfecto de Salas (12/3/1765)",https://montemar.library.illinois.edu/Home/Letter/5318583_box1_f30?f=5318583_box1_f30&pages=10,4,page-4,"montemar_transcripciones\html_por_pagina\32_5318583_box1_f30_Letter from Diego José, Fifth Count of Montemar to Joseph Perfecto de_page_004.html","montemar_transcripciones\txt_por_pagina\32_5318583_box1_f30_Letter from Diego José, Fifth Count of Montemar to Joseph Perfecto de_page_004.txt"
32,5318583_box1_f30,"Letter from Diego José, Fifth Count of Montemar to Joseph Perfecto de Salas (12/3/1765)",https://montemar.library.illinois.edu/Home/Letter/5318583_box1_f30?f=5318583_box1_f30&pages=10,5,page-5,"montemar_transcripciones\html_por_pagina\32_5318583_box1_f30_Letter from Diego José, Fifth Count of Montemar to Joseph Perfecto de_page_005.html","montemar_transcripciones\txt_por_pagina\32_5318583_box1_f30_Letter from Diego José, Fifth Count of Montemar to Joseph Perfecto de_page_005.txt"
32,5318583_box1_f30,"Letter from Diego José, Fifth Count of Montemar to Joseph Perfecto de Salas (12/3/1765)",https://montemar.library.illinois.edu/Home/Letter/5318583_box1_f30?f=5318583_box1_f30&pages=10,6,page-6,"montemar_transcripciones\html_por_pagina\32_5318583_box1_f30_Letter from Diego José, Fifth Count of Montemar to Joseph Perfecto de_page_006.html","montemar_transcripciones\txt_por_pagina\32_5318583_box1_f30_Letter from Diego José, Fifth Count of Montemar to Joseph Perfecto de_page_006.txt"
32,5318583_box1_f30,"Letter from Diego José, Fifth Count of Montemar to Joseph Perfecto de Salas (12/3/1765)",https://montemar.library.illinois.edu/Home/Letter/5318583_box1_f30?f=5318583_box1_f30&pages=10,7,page-7,"montemar_transcripciones\html_por_pagina\32_5318583_box1_f30_Letter from Diego José, Fifth Count of Montemar to Joseph Perfecto de_page_007.html","montemar_transcripciones\txt_por_pagina\32_5318583_box1_f30_Letter from Diego José, Fifth Count of Montemar to Joseph Perfecto de_page_007.txt"
32,5318583_box1_f30,"Letter from Diego José, Fifth Count of Montemar to Joseph Perfecto de Salas (12/3/1765)",https://montemar.library.illinois.edu/Home/Letter/5318583_box1_f30?f=5318583_box1_f30&pages=10,8,page-8,"montemar_transcripciones\html_por_pagina\32_5318583_box1_f30_Letter from Diego José, Fifth Count of Montemar to Joseph Perfecto de_page_008.html","montemar_transcripciones\txt_por_pagina\32_5318583_box1_f30_Letter from Diego José, Fifth Count of Montemar to Joseph Perfecto de_page_008.txt"
32,5318583_box1_f30,"Letter from Diego José, Fifth Count of Montemar to Joseph Perfecto de Salas (12/3/1765)",https://montemar.library.illinois.edu/Home/Letter/5318583_box1_f30?f=5318583_box1_f30&pages=10,9,page-9,"montemar_transcripciones\html_por_pagina\32_5318583_box1_f30_Letter from Diego José, Fifth Count of Montemar to Joseph Perfecto de_page_009.html","montemar_transcripciones\txt_por_pagina\32_5318583_box1_f30_Letter from Diego José, Fifth Count of Montemar to Joseph Perfecto de_page_009.txt"
32,5318583_box1_f30,"Letter from Diego José, Fifth Count of Montemar to Joseph Perfecto de Salas (12/3/1765)",https://montemar.library.illinois.edu/Home/Letter/5318583_box1_f30?f=5318583_box1_f30&pages=10,10,page-10,"montemar_transcripciones\html_por_pagina\32_5318583_box1_f30_Letter from Diego José, Fifth Count of Montemar to Joseph Perfecto de_page_010.html","montemar_transcripciones\txt_por_pagina\32_5318583_box1_f30_Letter from Diego José, Fifth Count of Montemar to Joseph Perfecto de_page_010.txt"
